"package","url","version"
"BubbleTree","https://bioconductor.org/packages/3.21/bioc/html/BubbleTree.html","3.22"
"CuratedAtlasQueryR","https://bioconductor.org/packages/3.21/bioc/html/CuratedAtlasQueryR.html","3.22"
"InterCellar","https://bioconductor.org/packages/3.22/bioc/html/InterCellar.html","3.22"
"IONiseR","https://bioconductor.org/packages/3.21/bioc/html/IONiseR.html","3.22"
"hmdbQuery","https://bioconductor.org/packages/3.21/bioc/html/hmdbQuery.html","3.22"
"rols","https://bioconductor.org/packages/3.21/bioc/html/rols.html","3.22"
"scviR","https://bioconductor.org/packages/3.18/bioc/html/scviR.html","3.22"
"SGCP","https://bioconductor.org/packages/3.21/bioc/html/SGCP.html","3.22"
"APAlyzer","https://bioconductor.org/packages/3.21/bioc/html/APAlyzer.html","3.22"
"ballgown","https://bioconductor.org/packages/3.21/bioc/html/ballgown.html","3.22"
"bamsignals","https://bioconductor.org/packages/3.21/bioc/html/bamsignals.html","3.22"
"barcodetrackR","https://bioconductor.org/packages/3.21/bioc/html/barcodetrackR.html","3.22"
"basecallQC","https://bioconductor.org/packages/3.21/bioc/html/basecallQC.html","3.22"
"biobroom","https://bioconductor.org/packages/3.21/bioc/html/biobroom.html","3.22"
"biodbChebi","https://bioconductor.org/packages/3.21/bioc/html/biodbChebi.html","3.22"
"BiRewire","https://bioconductor.org/packages/3.21/bioc/html/BiRewire.html","3.22"
"BPRMeth","https://bioconductor.org/packages/3.21/bioc/html/BPRMeth.html","3.22"
"CelliD","https://bioconductor.org/packages/3.21/bioc/html/CelliD.html","3.22"
"ccrepe","https://bioconductor.org/packages/3.21/bioc/html/ccrepe.html","3.22"
"cummeRbund","https://bioconductor.org/packages/3.21/bioc/html/cummeRbund.html","3.22"
"debCAM","https://bioconductor.org/packages/3.21/bioc/html/debCAM.html","3.22"
"DeconRNASeq","https://bioconductor.org/packages/3.21/bioc/html/DeconRNASeq.html","3.22"
"geneXtendeR","https://bioconductor.org/packages/3.21/bioc/html/geneXtendeR.html","3.22"
"GEOexplorer","https://bioconductor.org/packages/3.21/bioc/html/GEOexplorer.html","3.22"
"GNET2","https://bioconductor.org/packages/3.21/bioc/html/GNET2.html","3.22"
"granulator","https://bioconductor.org/packages/3.21/bioc/html/granulator.html","3.22"
"hca","https://bioconductor.org/packages/3.21/bioc/html/hca.html","3.22"
"IMAS","https://bioconductor.org/packages/3.21/bioc/html/IMAS.html","3.22"
"Melissa","https://bioconductor.org/packages/3.21/bioc/html/Melissa.html","3.22"
"MetaNeighbor","https://bioconductor.org/packages/3.21/bioc/html/MetaNeighbor.html","3.22"
"MethReg","https://bioconductor.org/packages/3.21/bioc/html/MethReg.html","3.22"
"mfa","https://bioconductor.org/packages/3.21/bioc/html/mfa.html","3.22"
"microSTASIS","https://bioconductor.org/packages/3.21/bioc/html/microSTASIS.html","3.22"
"MineICA","https://bioconductor.org/packages/3.21/bioc/html/MineICA.html","3.22"
"motifcounter","https://bioconductor.org/packages/3.21/bioc/html/motifcounter.html","3.22"
"MSPrep","https://bioconductor.org/packages/3.21/bioc/html/MSPrep.html","3.22"
"nearBynding","https://bioconductor.org/packages/3.21/bioc/html/nearBynding.html","3.22"
"netprioR","https://bioconductor.org/packages/3.21/bioc/html/netprioR.html","3.22"
"normr","https://bioconductor.org/packages/3.21/bioc/html/normr.html","3.22"
"Organism.dplyr","https://bioconductor.org/packages/3.21/bioc/html/Organism.dplyr.html","3.22"
"partCNV","https://bioconductor.org/packages/3.21/bioc/html/partCNV.html","3.22"
"RcisTarget","https://bioconductor.org/packages/3.21/bioc/html/RcisTarget.html","3.22"
"receptLoss","https://bioconductor.org/packages/3.21/bioc/html/receptLoss.html","3.22"
"RgnTX","https://bioconductor.org/packages/3.21/bioc/html/RgnTX.html","3.22"
"RiboProfiling","https://bioconductor.org/packages/3.21/bioc/html/RiboProfiling.html","3.22"
"RTCGA","https://bioconductor.org/packages/3.21/bioc/html/RTCGA.html","3.22"
"shiny.gosling","https://bioconductor.org/packages/3.21/bioc/html/shiny.gosling.html","3.22"
"soGGi","https://bioconductor.org/packages/3.21/bioc/html/soGGi.html","3.22"
"SigFuge","https://bioconductor.org/packages/3.21/bioc/html/SigFuge.html","3.22"
"spatzie","https://bioconductor.org/packages/3.21/bioc/html/spatzie.html","3.22"
"SQLDataFrame","https://bioconductor.org/packages/3.21/bioc/html/SQLDataFrame.html","3.22"
"supersigs","https://bioconductor.org/packages/3.21/bioc/html/supersigs.html","3.22"
"tLOH","https://bioconductor.org/packages/3.21/bioc/html/tLOH.html","3.22"
"BubbleTree","https://bioconductor.org/packages/3.21/bioc/html/BubbleTree.html","3.21"
"CuratedAtlasQueryR","https://bioconductor.org/packages/3.21/bioc/html/CuratedAtlasQueryR.html","3.21"
"InterCellar","https://bioconductor.org/packages/3.22/bioc/html/InterCellar.html","3.21"
"IONiseR","https://bioconductor.org/packages/3.21/bioc/html/IONiseR.html","3.21"
"hmdbQuery","https://bioconductor.org/packages/3.21/bioc/html/hmdbQuery.html","3.21"
"rols","https://bioconductor.org/packages/3.21/bioc/html/rols.html","3.21"
"scviR","https://bioconductor.org/packages/3.18/bioc/html/scviR.html","3.21"
"SGCP","https://bioconductor.org/packages/3.21/bioc/html/SGCP.html","3.21"
"APAlyzer","https://bioconductor.org/packages/3.21/bioc/html/APAlyzer.html","3.21"
"ballgown","https://bioconductor.org/packages/3.21/bioc/html/ballgown.html","3.21"
"bamsignals","https://bioconductor.org/packages/3.21/bioc/html/bamsignals.html","3.21"
"barcodetrackR","https://bioconductor.org/packages/3.21/bioc/html/barcodetrackR.html","3.21"
"basecallQC","https://bioconductor.org/packages/3.21/bioc/html/basecallQC.html","3.21"
"biobroom","https://bioconductor.org/packages/3.21/bioc/html/biobroom.html","3.21"
"biodbChebi","https://bioconductor.org/packages/3.21/bioc/html/biodbChebi.html","3.21"
"BiRewire","https://bioconductor.org/packages/3.21/bioc/html/BiRewire.html","3.21"
"BPRMeth","https://bioconductor.org/packages/3.21/bioc/html/BPRMeth.html","3.21"
"CelliD","https://bioconductor.org/packages/3.21/bioc/html/CelliD.html","3.21"
"ccrepe","https://bioconductor.org/packages/3.21/bioc/html/ccrepe.html","3.21"
"cummeRbund","https://bioconductor.org/packages/3.21/bioc/html/cummeRbund.html","3.21"
"debCAM","https://bioconductor.org/packages/3.21/bioc/html/debCAM.html","3.21"
"DeconRNASeq","https://bioconductor.org/packages/3.21/bioc/html/DeconRNASeq.html","3.21"
"geneXtendeR","https://bioconductor.org/packages/3.21/bioc/html/geneXtendeR.html","3.21"
"GEOexplorer","https://bioconductor.org/packages/3.21/bioc/html/GEOexplorer.html","3.21"
"GNET2","https://bioconductor.org/packages/3.21/bioc/html/GNET2.html","3.21"
"granulator","https://bioconductor.org/packages/3.21/bioc/html/granulator.html","3.21"
"hca","https://bioconductor.org/packages/3.21/bioc/html/hca.html","3.21"
"IMAS","https://bioconductor.org/packages/3.21/bioc/html/IMAS.html","3.21"
"Melissa","https://bioconductor.org/packages/3.21/bioc/html/Melissa.html","3.21"
"MetaNeighbor","https://bioconductor.org/packages/3.21/bioc/html/MetaNeighbor.html","3.21"
"MethReg","https://bioconductor.org/packages/3.21/bioc/html/MethReg.html","3.21"
"mfa","https://bioconductor.org/packages/3.21/bioc/html/mfa.html","3.21"
"microSTASIS","https://bioconductor.org/packages/3.21/bioc/html/microSTASIS.html","3.21"
"MineICA","https://bioconductor.org/packages/3.21/bioc/html/MineICA.html","3.21"
"motifcounter","https://bioconductor.org/packages/3.21/bioc/html/motifcounter.html","3.21"
"MSPrep","https://bioconductor.org/packages/3.21/bioc/html/MSPrep.html","3.21"
"nearBynding","https://bioconductor.org/packages/3.21/bioc/html/nearBynding.html","3.21"
"netprioR","https://bioconductor.org/packages/3.21/bioc/html/netprioR.html","3.21"
"normr","https://bioconductor.org/packages/3.21/bioc/html/normr.html","3.21"
"Organism.dplyr","https://bioconductor.org/packages/3.21/bioc/html/Organism.dplyr.html","3.21"
"partCNV","https://bioconductor.org/packages/3.21/bioc/html/partCNV.html","3.21"
"RcisTarget","https://bioconductor.org/packages/3.21/bioc/html/RcisTarget.html","3.21"
"receptLoss","https://bioconductor.org/packages/3.21/bioc/html/receptLoss.html","3.21"
"RgnTX","https://bioconductor.org/packages/3.21/bioc/html/RgnTX.html","3.21"
"RiboProfiling","https://bioconductor.org/packages/3.21/bioc/html/RiboProfiling.html","3.21"
"RTCGA","https://bioconductor.org/packages/3.21/bioc/html/RTCGA.html","3.21"
"shiny.gosling","https://bioconductor.org/packages/3.21/bioc/html/shiny.gosling.html","3.21"
"soGGi","https://bioconductor.org/packages/3.21/bioc/html/soGGi.html","3.21"
"SigFuge","https://bioconductor.org/packages/3.21/bioc/html/SigFuge.html","3.21"
"spatzie","https://bioconductor.org/packages/3.21/bioc/html/spatzie.html","3.21"
"SQLDataFrame","https://bioconductor.org/packages/3.21/bioc/html/SQLDataFrame.html","3.21"
"supersigs","https://bioconductor.org/packages/3.21/bioc/html/supersigs.html","3.21"
"tLOH","https://bioconductor.org/packages/3.21/bioc/html/tLOH.html","3.21"
"curatedBreastData","https://bioconductor.org/packages/3.21/data/experiment/html/curatedBreastData.html","3.21"
"Fletcher2013b","https://bioconductor.org/packages/3.21/data/experiment/html/Fletcher2013b.html","3.21"
"rRDPData","https://bioconductor.org/packages/3.21/data/experiment/html/rRDPData.html","3.21"
"hpAnnot","https://bioconductor.org/packages/3.21/data/annotation/html/hpAnnot.html","3.21"
"DEP","https://bioconductor.org/packages/3.21/bioc/html/DEP.html","3.21"
"gpuMagic","https://bioconductor.org/packages/3.21/bioc/html/gpuMagic.html","3.21"
"hiAnnotator","https://bioconductor.org/packages/3.21/bioc/html/hiAnnotator.html","3.21"
"hiReadsProcessor","https://bioconductor.org/packages/3.21/bioc/html/hiReadsProcessor.html","3.21"
"interactiveDisplay","https://bioconductor.org/packages/3.21/bioc/html/interactiveDisplay.html","3.21"
"interactiveDisplayBase","https://bioconductor.org/packages/3.21/bioc/html/interactiveDisplayBase.html","3.21"
"Repitools","https://bioconductor.org/packages/3.21/bioc/html/Repitools.html","3.21"
"rRDP","https://bioconductor.org/packages/3.21/bioc/html/rRDP.html","3.21"
"Streamer","https://bioconductor.org/packages/3.21/bioc/html/Streamer.html","3.21"
"bgx","https://bioconductor.org/packages/3.19/bioc/html/bgx.html","3.21"
"BiGGR","https://bioconductor.org/packages/3.21/bioc/html/BiGGR.html","3.21"
"biodbHmdb","https://bioconductor.org/packages/3.21/bioc/html/biodbHmdb.html","3.21"
"biodbNci","https://bioconductor.org/packages/3.21/bioc/html/biodbNci.html","3.21"
"biodbNcbi","https://bioconductor.org/packages/3.21/bioc/html/biodbNcbi.html","3.21"
"biodbUniprot","https://bioconductor.org/packages/3.21/bioc/html/biodbUniprot.html","3.21"
"ccmap","https://bioconductor.org/packages/3.21/bioc/html/ccmap.html","3.21"
"CellScore","https://bioconductor.org/packages/3.20/bioc/html/CellScore.html","3.21"
"CINdex","https://bioconductor.org/packages/3.21/bioc/html/CINdex.html","3.21"
"cisPath","https://bioconductor.org/packages/3.21/bioc/html/cisPath.html","3.21"
"Harshlight","https://bioconductor.org/packages/3.20/bioc/html/Harshlight.html","3.21"
"lapmix","https://bioconductor.org/packages/3.20/bioc/html/lapmix.html","3.21"
"LinTInd","https://bioconductor.org/packages/3.21/bioc/html/LinTInd.html","3.21"
"lute","https://bioconductor.org/packages/3.21/bioc/html/lute.html","3.21"
"MADSEQ","https://bioconductor.org/packages/3.21/bioc/html/MADSEQ.html","3.21"
"oppti","https://bioconductor.org/packages/3.20/bioc/html/oppti.html","3.21"
"PhenStat","https://bioconductor.org/packages/3.21/bioc/html/PhenStat.html","3.21"
"qckitfastq","https://bioconductor.org/packages/3.21/bioc/html/qckitfastq.html","3.21"
"ReactomeGraph4R","https://bioconductor.org/packages/3.19/bioc/html/ReactomeGraph4R.html","3.21"
"rGADEM","https://bioconductor.org/packages/3.21/bioc/html/rGADEM.html","3.21"
"SARC","https://bioconductor.org/packages/3.21/bioc/html/SARC.html","3.21"
"seqArchR","https://bioconductor.org/packages/3.20/bioc/html/seqArchR.html","3.21"
"seqArchRplus","https://bioconductor.org/packages/3.21/bioc/html/seqArchRplus.html","3.21"
"seqTools","https://bioconductor.org/packages/3.21/bioc/html/seqTools.html","3.21"
"TitanCNA","https://bioconductor.org/packages/3.20/bioc/html/TitanCNA.html","3.21"
"TransView","https://bioconductor.org/packages/3.19/bioc/html/TransView.html","3.21"
"traviz","https://bioconductor.org/packages/3.19/bioc/html/traviz.html","3.21"
"XNAString","https://bioconductor.org/packages/3.20/bioc/html/XNAString.html","3.21"
"rRDPData","https://bioconductor.org/packages/3.21/data/experiment/html/rRDPData.html","3.21"
"AneuFinderData","https://bioconductor.org/packages/3.21/data/experiment/html/AneuFinderData.html","3.21"
"chromstaRData","https://bioconductor.org/packages/3.21/data/experiment/html/chromstaRData.html","3.21"
"RGMQLlib","https://bioconductor.org/packages/3.21/data/experiment/html/RGMQLlib.html","3.21"
"spicyWorkflow","https://bioconductor.org/packages/3.21/workflows/html/spicyWorkflow.html","3.21"
"Director","https://bioconductor.org/packages/3.21/bioc/html/Director.html","3.21"
"erma","https://bioconductor.org/packages/3.21/bioc/html/erma.html","3.21"
"girafe","https://bioconductor.org/packages/3.21/bioc/html/girafe.html","3.21"
"RBioinf","https://bioconductor.org/packages/3.21/bioc/html/RBioinf.html","3.21"
"Rtreemix","https://bioconductor.org/packages/3.20/bioc/html/Rtreemix.html","3.21"
"synapter","https://bioconductor.org/packages/3.20/bioc/html/synapter.html","3.21"
"zlibbioc","https://bioconductor.org/packages/3.21/bioc/html/zlibbioc.html","3.21"
"AneuFinder","https://bioconductor.org/packages/3.20/bioc/html/AneuFinder.html","3.21"
"BEARscc","https://bioconductor.org/packages/3.19/bioc/html/BEARscc.html","3.21"
"CBEA","https://bioconductor.org/packages/3.20/bioc/html/CBEA.html","3.21"
"chromstaR","https://bioconductor.org/packages/3.20/bioc/html/chromstaR.html","3.21"
"coMET","https://bioconductor.org/packages/3.18/bioc/html/coMET.html","3.21"
"crossmeta","https://bioconductor.org/packages/3.19/bioc/html/crossmeta.html","3.21"
"dce","https://bioconductor.org/packages/3.20/bioc/html/dce.html","3.21"
"DeProViR","https://bioconductor.org/packages/3.19/bioc/html/DeProViR.html","3.21"
"DIAlignR","https://bioconductor.org/packages/3.19/bioc/html/DIAlignR.html","3.21"
"GeneGeneInteR","https://bioconductor.org/packages/3.20/bioc/html/GeneGeneInteR.html","3.21"
"genoCN","https://bioconductor.org/packages/3.20/bioc/html/genoCN.html","3.21"
"gespeR","https://bioconductor.org/packages/3.19/bioc/html/gespeR.html","3.21"
"GraphPAC","https://bioconductor.org/packages/3.19/bioc/html/GraphPAC.html","3.21"
"HTSeqGenie","https://bioconductor.org/packages/3.19/bioc/html/HTSeqGenie.html","3.21"
"iPAC","https://bioconductor.org/packages/3.19/bioc/html/iPAC.html","3.21"
"MAGeCKFlute","https://bioconductor.org/packages/3.20/bioc/html/MAGeCKFlute.html","3.21"
"netDx","https://bioconductor.org/packages/3.17/bioc/html/netDx.html","3.21"
"NeuCA","https://bioconductor.org/packages/3.19/bioc/html/NeuCA.html","3.21"
"PanViz","https://bioconductor.org/packages/3.19/bioc/html/PanViz.html","3.21"
"pareg","https://bioconductor.org/packages/3.19/bioc/html/pareg.html","3.21"
"paxtoolsr","https://bioconductor.org/packages/3.19/bioc/html/paxtoolsr.html","3.21"
"PICS","https://bioconductor.org/packages/3.20/bioc/html/PICS.html","3.21"
"PING","https://bioconductor.org/packages/3.20/bioc/html/PING.html","3.21"
"QuartPAC","https://bioconductor.org/packages/3.19/bioc/html/QuartPAC.html","3.21"
"ReactomeContentService4R","https://bioconductor.org/packages/3.19/bioc/html/ReactomeContentService4R.html","3.21"
"RGMQL","https://bioconductor.org/packages/3.16/bioc/html/RGMQL.html","3.21"
"SpacePAC","https://bioconductor.org/packages/3.19/bioc/html/SpacePAC.html","3.21"
"staRank","https://bioconductor.org/packages/3.19/bioc/html/staRank.html","3.21"
"STdeconvolve","https://bioconductor.org/packages/3.19/bioc/html/STdeconvolve.html","3.21"
"supraHex","https://bioconductor.org/packages/3.19/bioc/html/supraHex.html","3.21"
"trigger","https://bioconductor.org/packages/3.20/bioc/html/trigger.html","3.21"
"TypeInfo","https://bioconductor.org/packages/3.19/bioc/html/TypeInfo.html","3.21"
"parathyroidSE","https://bioconductor.org/packages/3.21/data/experiment/html/parathyroidSE.html","3.21"
"benchmarkfdrData2019","https://bioconductor.org/packages/3.21/data/experiment/html/benchmarkfdrData2019.html","3.21"
"synapterdata","https://bioconductor.org/packages/3.21/data/experiment/html/synapterdata.html","3.21"
"mirbase.db","https://bioconductor.org/packages/3.21/data/annotation/html/mirbase.db.html","3.21"
"targetscan.Hs.eg.db","https://bioconductor.org/packages/3.21/data/annotation/html/targetscan.Hs.eg.db.html","3.21"
"targetscan.Mm.eg.db","https://bioconductor.org/packages/3.21/data/annotation/html/targetscan.Mm.eg.db.html","3.21"
"BiocMetaWorkflow","https://bioconductor.org/packages/3.21/workflows/html/BiocMetaWorkflow.html","3.21"
"DEP","https://bioconductor.org/packages/3.21/bioc/html/DEP.html","3.20"
"gpuMagic","https://bioconductor.org/packages/3.21/bioc/html/gpuMagic.html","3.20"
"hiAnnotator","https://bioconductor.org/packages/3.21/bioc/html/hiAnnotator.html","3.20"
"hiReadsProcessor","https://bioconductor.org/packages/3.21/bioc/html/hiReadsProcessor.html","3.20"
"interactiveDisplay","https://bioconductor.org/packages/3.21/bioc/html/interactiveDisplay.html","3.20"
"interactiveDisplayBase","https://bioconductor.org/packages/3.21/bioc/html/interactiveDisplayBase.html","3.20"
"Repitools","https://bioconductor.org/packages/3.21/bioc/html/Repitools.html","3.20"
"rRDP","https://bioconductor.org/packages/3.21/bioc/html/rRDP.html","3.20"
"Streamer","https://bioconductor.org/packages/3.21/bioc/html/Streamer.html","3.20"
"bgx","https://bioconductor.org/packages/3.19/bioc/html/bgx.html","3.20"
"BiGGR","https://bioconductor.org/packages/3.21/bioc/html/BiGGR.html","3.20"
"biodbHmdb","https://bioconductor.org/packages/3.21/bioc/html/biodbHmdb.html","3.20"
"biodbNci","https://bioconductor.org/packages/3.21/bioc/html/biodbNci.html","3.20"
"biodbNcbi","https://bioconductor.org/packages/3.21/bioc/html/biodbNcbi.html","3.20"
"biodbUniprot","https://bioconductor.org/packages/3.21/bioc/html/biodbUniprot.html","3.20"
"ccmap","https://bioconductor.org/packages/3.21/bioc/html/ccmap.html","3.20"
"CellScore","https://bioconductor.org/packages/3.20/bioc/html/CellScore.html","3.20"
"CINdex","https://bioconductor.org/packages/3.21/bioc/html/CINdex.html","3.20"
"cisPath","https://bioconductor.org/packages/3.21/bioc/html/cisPath.html","3.20"
"Harshlight","https://bioconductor.org/packages/3.20/bioc/html/Harshlight.html","3.20"
"lapmix","https://bioconductor.org/packages/3.20/bioc/html/lapmix.html","3.20"
"LinTInd","https://bioconductor.org/packages/3.21/bioc/html/LinTInd.html","3.20"
"lute","https://bioconductor.org/packages/3.21/bioc/html/lute.html","3.20"
"MADSEQ","https://bioconductor.org/packages/3.21/bioc/html/MADSEQ.html","3.20"
"oppti","https://bioconductor.org/packages/3.20/bioc/html/oppti.html","3.20"
"PhenStat","https://bioconductor.org/packages/3.21/bioc/html/PhenStat.html","3.20"
"qckitfastq","https://bioconductor.org/packages/3.21/bioc/html/qckitfastq.html","3.20"
"ReactomeGraph4R","https://bioconductor.org/packages/3.19/bioc/html/ReactomeGraph4R.html","3.20"
"rGADEM","https://bioconductor.org/packages/3.21/bioc/html/rGADEM.html","3.20"
"SARC","https://bioconductor.org/packages/3.21/bioc/html/SARC.html","3.20"
"seqArchR","https://bioconductor.org/packages/3.20/bioc/html/seqArchR.html","3.20"
"seqArchRplus","https://bioconductor.org/packages/3.21/bioc/html/seqArchRplus.html","3.20"
"seqTools","https://bioconductor.org/packages/3.21/bioc/html/seqTools.html","3.20"
"TitanCNA","https://bioconductor.org/packages/3.20/bioc/html/TitanCNA.html","3.20"
"TransView","https://bioconductor.org/packages/3.19/bioc/html/TransView.html","3.20"
"traviz","https://bioconductor.org/packages/3.19/bioc/html/traviz.html","3.20"
"XNAString","https://bioconductor.org/packages/3.20/bioc/html/XNAString.html","3.20"
"Director","https://bioconductor.org/packages/3.21/bioc/html/Director.html","3.20"
"erma","https://bioconductor.org/packages/3.21/bioc/html/erma.html","3.20"
"girafe","https://bioconductor.org/packages/3.21/bioc/html/girafe.html","3.20"
"RBioinf","https://bioconductor.org/packages/3.21/bioc/html/RBioinf.html","3.20"
"Rtreemix","https://bioconductor.org/packages/3.20/bioc/html/Rtreemix.html","3.20"
"synapter","https://bioconductor.org/packages/3.20/bioc/html/synapter.html","3.20"
"zlibbioc","https://bioconductor.org/packages/3.21/bioc/html/zlibbioc.html","3.20"
"AneuFinder","https://bioconductor.org/packages/3.20/bioc/html/AneuFinder.html","3.20"
"BEARscc","https://bioconductor.org/packages/3.19/bioc/html/BEARscc.html","3.20"
"CBEA","https://bioconductor.org/packages/3.20/bioc/html/CBEA.html","3.20"
"chromstaR","https://bioconductor.org/packages/3.20/bioc/html/chromstaR.html","3.20"
"coMET","https://bioconductor.org/packages/3.18/bioc/html/coMET.html","3.20"
"crossmeta","https://bioconductor.org/packages/3.19/bioc/html/crossmeta.html","3.20"
"dce","https://bioconductor.org/packages/3.20/bioc/html/dce.html","3.20"
"DeProViR","https://bioconductor.org/packages/3.19/bioc/html/DeProViR.html","3.20"
"DIAlignR","https://bioconductor.org/packages/3.19/bioc/html/DIAlignR.html","3.20"
"GeneGeneInteR","https://bioconductor.org/packages/3.20/bioc/html/GeneGeneInteR.html","3.20"
"genoCN","https://bioconductor.org/packages/3.20/bioc/html/genoCN.html","3.20"
"gespeR","https://bioconductor.org/packages/3.19/bioc/html/gespeR.html","3.20"
"GraphPAC","https://bioconductor.org/packages/3.19/bioc/html/GraphPAC.html","3.20"
"HTSeqGenie","https://bioconductor.org/packages/3.19/bioc/html/HTSeqGenie.html","3.20"
"iPAC","https://bioconductor.org/packages/3.19/bioc/html/iPAC.html","3.20"
"MAGeCKFlute","https://bioconductor.org/packages/3.20/bioc/html/MAGeCKFlute.html","3.20"
"netDx","https://bioconductor.org/packages/3.17/bioc/html/netDx.html","3.20"
"NeuCA","https://bioconductor.org/packages/3.19/bioc/html/NeuCA.html","3.20"
"PanViz","https://bioconductor.org/packages/3.19/bioc/html/PanViz.html","3.20"
"pareg","https://bioconductor.org/packages/3.19/bioc/html/pareg.html","3.20"
"paxtoolsr","https://bioconductor.org/packages/3.19/bioc/html/paxtoolsr.html","3.20"
"PICS","https://bioconductor.org/packages/3.20/bioc/html/PICS.html","3.20"
"PING","https://bioconductor.org/packages/3.20/bioc/html/PING.html","3.20"
"QuartPAC","https://bioconductor.org/packages/3.19/bioc/html/QuartPAC.html","3.20"
"ReactomeContentService4R","https://bioconductor.org/packages/3.19/bioc/html/ReactomeContentService4R.html","3.20"
"RGMQL","https://bioconductor.org/packages/3.16/bioc/html/RGMQL.html","3.20"
"SpacePAC","https://bioconductor.org/packages/3.19/bioc/html/SpacePAC.html","3.20"
"staRank","https://bioconductor.org/packages/3.19/bioc/html/staRank.html","3.20"
"STdeconvolve","https://bioconductor.org/packages/3.19/bioc/html/STdeconvolve.html","3.20"
"supraHex","https://bioconductor.org/packages/3.19/bioc/html/supraHex.html","3.20"
"trigger","https://bioconductor.org/packages/3.20/bioc/html/trigger.html","3.20"
"TypeInfo","https://bioconductor.org/packages/3.19/bioc/html/TypeInfo.html","3.20"
"DEP","https://bioconductor.org/packages/3.21/bioc/html/DEP.html","3.19"
"gpuMagic","https://bioconductor.org/packages/3.21/bioc/html/gpuMagic.html","3.19"
"hiAnnotator","https://bioconductor.org/packages/3.21/bioc/html/hiAnnotator.html","3.19"
"hiReadsProcessor","https://bioconductor.org/packages/3.21/bioc/html/hiReadsProcessor.html","3.19"
"interactiveDisplay","https://bioconductor.org/packages/3.21/bioc/html/interactiveDisplay.html","3.19"
"interactiveDisplayBase","https://bioconductor.org/packages/3.21/bioc/html/interactiveDisplayBase.html","3.19"
"Repitools","https://bioconductor.org/packages/3.21/bioc/html/Repitools.html","3.19"
"rRDP","https://bioconductor.org/packages/3.21/bioc/html/rRDP.html","3.19"
"Streamer","https://bioconductor.org/packages/3.21/bioc/html/Streamer.html","3.19"
"bgx","https://bioconductor.org/packages/3.19/bioc/html/bgx.html","3.19"
"BiGGR","https://bioconductor.org/packages/3.21/bioc/html/BiGGR.html","3.19"
"biodbHmdb","https://bioconductor.org/packages/3.21/bioc/html/biodbHmdb.html","3.19"
"biodbNci","https://bioconductor.org/packages/3.21/bioc/html/biodbNci.html","3.19"
"biodbNcbi","https://bioconductor.org/packages/3.21/bioc/html/biodbNcbi.html","3.19"
"biodbUniprot","https://bioconductor.org/packages/3.21/bioc/html/biodbUniprot.html","3.19"
"ccmap","https://bioconductor.org/packages/3.21/bioc/html/ccmap.html","3.19"
"CellScore","https://bioconductor.org/packages/3.20/bioc/html/CellScore.html","3.19"
"CINdex","https://bioconductor.org/packages/3.21/bioc/html/CINdex.html","3.19"
"cisPath","https://bioconductor.org/packages/3.21/bioc/html/cisPath.html","3.19"
"Harshlight","https://bioconductor.org/packages/3.20/bioc/html/Harshlight.html","3.19"
"lapmix","https://bioconductor.org/packages/3.20/bioc/html/lapmix.html","3.19"
"LinTInd","https://bioconductor.org/packages/3.21/bioc/html/LinTInd.html","3.19"
"lute","https://bioconductor.org/packages/3.21/bioc/html/lute.html","3.19"
"MADSEQ","https://bioconductor.org/packages/3.21/bioc/html/MADSEQ.html","3.19"
"oppti","https://bioconductor.org/packages/3.20/bioc/html/oppti.html","3.19"
"PhenStat","https://bioconductor.org/packages/3.21/bioc/html/PhenStat.html","3.19"
"qckitfastq","https://bioconductor.org/packages/3.21/bioc/html/qckitfastq.html","3.19"
"ReactomeGraph4R","https://bioconductor.org/packages/3.19/bioc/html/ReactomeGraph4R.html","3.19"
"rGADEM","https://bioconductor.org/packages/3.21/bioc/html/rGADEM.html","3.19"
"SARC","https://bioconductor.org/packages/3.21/bioc/html/SARC.html","3.19"
"seqArchR","https://bioconductor.org/packages/3.20/bioc/html/seqArchR.html","3.19"
"seqArchRplus","https://bioconductor.org/packages/3.21/bioc/html/seqArchRplus.html","3.19"
"seqTools","https://bioconductor.org/packages/3.21/bioc/html/seqTools.html","3.19"
"TitanCNA","https://bioconductor.org/packages/3.20/bioc/html/TitanCNA.html","3.19"
"TransView","https://bioconductor.org/packages/3.19/bioc/html/TransView.html","3.19"
"traviz","https://bioconductor.org/packages/3.19/bioc/html/traviz.html","3.19"
"XNAString","https://bioconductor.org/packages/3.20/bioc/html/XNAString.html","3.19"
"Director","https://bioconductor.org/packages/3.21/bioc/html/Director.html","3.19"
"erma","https://bioconductor.org/packages/3.21/bioc/html/erma.html","3.19"
"girafe","https://bioconductor.org/packages/3.21/bioc/html/girafe.html","3.19"
"RBioinf","https://bioconductor.org/packages/3.21/bioc/html/RBioinf.html","3.19"
"Rtreemix","https://bioconductor.org/packages/3.20/bioc/html/Rtreemix.html","3.19"
"synapter","https://bioconductor.org/packages/3.20/bioc/html/synapter.html","3.19"
"zlibbioc","https://bioconductor.org/packages/3.21/bioc/html/zlibbioc.html","3.19"
"AneuFinder","https://bioconductor.org/packages/3.20/bioc/html/AneuFinder.html","3.19"
"BEARscc","https://bioconductor.org/packages/3.19/bioc/html/BEARscc.html","3.19"
"CBEA","https://bioconductor.org/packages/3.20/bioc/html/CBEA.html","3.19"
"chromstaR","https://bioconductor.org/packages/3.20/bioc/html/chromstaR.html","3.19"
"coMET","https://bioconductor.org/packages/3.18/bioc/html/coMET.html","3.19"
"crossmeta","https://bioconductor.org/packages/3.19/bioc/html/crossmeta.html","3.19"
"dce","https://bioconductor.org/packages/3.20/bioc/html/dce.html","3.19"
"DeProViR","https://bioconductor.org/packages/3.19/bioc/html/DeProViR.html","3.19"
"DIAlignR","https://bioconductor.org/packages/3.19/bioc/html/DIAlignR.html","3.19"
"GeneGeneInteR","https://bioconductor.org/packages/3.20/bioc/html/GeneGeneInteR.html","3.19"
"genoCN","https://bioconductor.org/packages/3.20/bioc/html/genoCN.html","3.19"
"gespeR","https://bioconductor.org/packages/3.19/bioc/html/gespeR.html","3.19"
"GraphPAC","https://bioconductor.org/packages/3.19/bioc/html/GraphPAC.html","3.19"
"HTSeqGenie","https://bioconductor.org/packages/3.19/bioc/html/HTSeqGenie.html","3.19"
"iPAC","https://bioconductor.org/packages/3.19/bioc/html/iPAC.html","3.19"
"MAGeCKFlute","https://bioconductor.org/packages/3.20/bioc/html/MAGeCKFlute.html","3.19"
"netDx","https://bioconductor.org/packages/3.17/bioc/html/netDx.html","3.19"
"NeuCA","https://bioconductor.org/packages/3.19/bioc/html/NeuCA.html","3.19"
"PanViz","https://bioconductor.org/packages/3.19/bioc/html/PanViz.html","3.19"
"pareg","https://bioconductor.org/packages/3.19/bioc/html/pareg.html","3.19"
"paxtoolsr","https://bioconductor.org/packages/3.19/bioc/html/paxtoolsr.html","3.19"
"PICS","https://bioconductor.org/packages/3.20/bioc/html/PICS.html","3.19"
"PING","https://bioconductor.org/packages/3.20/bioc/html/PING.html","3.19"
"QuartPAC","https://bioconductor.org/packages/3.19/bioc/html/QuartPAC.html","3.19"
"ReactomeContentService4R","https://bioconductor.org/packages/3.19/bioc/html/ReactomeContentService4R.html","3.19"
"RGMQL","https://bioconductor.org/packages/3.16/bioc/html/RGMQL.html","3.19"
"SpacePAC","https://bioconductor.org/packages/3.19/bioc/html/SpacePAC.html","3.19"
"staRank","https://bioconductor.org/packages/3.19/bioc/html/staRank.html","3.19"
"STdeconvolve","https://bioconductor.org/packages/3.19/bioc/html/STdeconvolve.html","3.19"
"supraHex","https://bioconductor.org/packages/3.19/bioc/html/supraHex.html","3.19"
"trigger","https://bioconductor.org/packages/3.20/bioc/html/trigger.html","3.19"
"TypeInfo","https://bioconductor.org/packages/3.19/bioc/html/TypeInfo.html","3.19"
"BiocOncoTK","https://bioconductor.org/packages/3.17/bioc/html/BiocOncoTK.html","3.19"
"psygenet2r","https://bioconductor.org/packages/3.18/bioc/html/psygenet2r.html","3.19"
"rDGIdb","https://bioconductor.org/packages/3.17/bioc/html/rDGIdb.html","3.19"
"RNAinteract","https://bioconductor.org/packages/3.19/bioc/html/RNAinteract.html","3.19"
"ATACCoGAPS","https://bioconductor.org/packages/3.18/bioc/html/ATACCoGAPS.html","3.19"
"biodbExpasy","https://bioconductor.org/packages/3.18/bioc/html/biodbExpasy.html","3.19"
"biodbKegg","https://bioconductor.org/packages/3.18/bioc/html/biodbKegg.html","3.19"
"brainflowprobes","https://bioconductor.org/packages/3.18/bioc/html/brainflowprobes.html","3.19"
"BRGenomics","https://bioconductor.org/packages/3.16/bioc/html/BRGenomics.html","3.19"
"CellaRepertorium","https://bioconductor.org/packages/3.18/bioc/html/CellaRepertorium.html","3.19"
"microbiomeMarker","https://bioconductor.org/packages/3.18/bioc/html/microbiomeMarker.html","3.19"
"MQmetrics","https://bioconductor.org/packages/3.17/bioc/html/MQmetrics.html","3.19"
"nanotatoR","https://bioconductor.org/packages/3.18/bioc/html/nanotatoR.html","3.19"
"netOmics","https://bioconductor.org/packages/3.17/bioc/html/netOmics.html","3.19"
"Pi","https://bioconductor.org/packages/3.17/bioc/html/Pi.html","3.19"
"polyester","https://bioconductor.org/packages/3.18/bioc/html/polyester.html","3.19"
"RandomWalkRestartMH","https://bioconductor.org/packages/3.17/bioc/html/RandomWalkRestartMH.html","3.19"
"Risa","https://bioconductor.org/packages/3.18/bioc/html/Risa.html","3.19"
"single","https://bioconductor.org/packages/3.17/bioc/html/single.html","3.19"
"SummarizedBenchmark","https://bioconductor.org/packages/3.17/bioc/html/SummarizedBenchmark.html","3.19"
"DmelSGI","https://bioconductor.org/packages/3.19/data/experiment/html/DmelSGI.html","3.19"
"RNAinteractMAPK","https://bioconductor.org/packages/3.19/data/experiment/html/RNAinteractMAPK.html","3.19"
"MMAPPR2data","https://bioconductor.org/packages/3.19/data/experiment/html/MMAPPR2data.html","3.19"
"pcxnData","https://bioconductor.org/packages/3.18/data/experiment/html/pcxnData.html","3.19"
"restfulSEData","https://bioconductor.org/packages/3.19/data/experiment/html/restfulSEData.html","3.19"
"RLHub","https://bioconductor.org/packages/3.16/data/experiment/html/RLHub.html","3.19"
"BubbleTree","https://bioconductor.org/packages/3.21/bioc/html/BubbleTree.html","3.18"
"CuratedAtlasQueryR","https://bioconductor.org/packages/3.21/bioc/html/CuratedAtlasQueryR.html","3.18"
"InterCellar","https://bioconductor.org/packages/3.22/bioc/html/InterCellar.html","3.18"
"IONiseR","https://bioconductor.org/packages/3.21/bioc/html/IONiseR.html","3.18"
"hmdbQuery","https://bioconductor.org/packages/3.21/bioc/html/hmdbQuery.html","3.18"
"rols","https://bioconductor.org/packages/3.21/bioc/html/rols.html","3.18"
"scviR","https://bioconductor.org/packages/3.18/bioc/html/scviR.html","3.18"
"SGCP","https://bioconductor.org/packages/3.21/bioc/html/SGCP.html","3.18"
"APAlyzer","https://bioconductor.org/packages/3.21/bioc/html/APAlyzer.html","3.18"
"ballgown","https://bioconductor.org/packages/3.21/bioc/html/ballgown.html","3.18"
"bamsignals","https://bioconductor.org/packages/3.21/bioc/html/bamsignals.html","3.18"
"barcodetrackR","https://bioconductor.org/packages/3.21/bioc/html/barcodetrackR.html","3.18"
"basecallQC","https://bioconductor.org/packages/3.21/bioc/html/basecallQC.html","3.18"
"biobroom","https://bioconductor.org/packages/3.21/bioc/html/biobroom.html","3.18"
"biodbChebi","https://bioconductor.org/packages/3.21/bioc/html/biodbChebi.html","3.18"
"BiRewire","https://bioconductor.org/packages/3.21/bioc/html/BiRewire.html","3.18"
"BPRMeth","https://bioconductor.org/packages/3.21/bioc/html/BPRMeth.html","3.18"
"CelliD","https://bioconductor.org/packages/3.21/bioc/html/CelliD.html","3.18"
"ccrepe","https://bioconductor.org/packages/3.21/bioc/html/ccrepe.html","3.18"
"cummeRbund","https://bioconductor.org/packages/3.21/bioc/html/cummeRbund.html","3.18"
"debCAM","https://bioconductor.org/packages/3.21/bioc/html/debCAM.html","3.18"
"DeconRNASeq","https://bioconductor.org/packages/3.21/bioc/html/DeconRNASeq.html","3.18"
"geneXtendeR","https://bioconductor.org/packages/3.21/bioc/html/geneXtendeR.html","3.18"
"GEOexplorer","https://bioconductor.org/packages/3.21/bioc/html/GEOexplorer.html","3.18"
"GNET2","https://bioconductor.org/packages/3.21/bioc/html/GNET2.html","3.18"
"granulator","https://bioconductor.org/packages/3.21/bioc/html/granulator.html","3.18"
"hca","https://bioconductor.org/packages/3.21/bioc/html/hca.html","3.18"
"IMAS","https://bioconductor.org/packages/3.21/bioc/html/IMAS.html","3.18"
"Melissa","https://bioconductor.org/packages/3.21/bioc/html/Melissa.html","3.18"
"MetaNeighbor","https://bioconductor.org/packages/3.21/bioc/html/MetaNeighbor.html","3.18"
"MethReg","https://bioconductor.org/packages/3.21/bioc/html/MethReg.html","3.18"
"mfa","https://bioconductor.org/packages/3.21/bioc/html/mfa.html","3.18"
"microSTASIS","https://bioconductor.org/packages/3.21/bioc/html/microSTASIS.html","3.18"
"MineICA","https://bioconductor.org/packages/3.21/bioc/html/MineICA.html","3.18"
"motifcounter","https://bioconductor.org/packages/3.21/bioc/html/motifcounter.html","3.18"
"MSPrep","https://bioconductor.org/packages/3.21/bioc/html/MSPrep.html","3.18"
"nearBynding","https://bioconductor.org/packages/3.21/bioc/html/nearBynding.html","3.18"
"netprioR","https://bioconductor.org/packages/3.21/bioc/html/netprioR.html","3.18"
"normr","https://bioconductor.org/packages/3.21/bioc/html/normr.html","3.18"
"Organism.dplyr","https://bioconductor.org/packages/3.21/bioc/html/Organism.dplyr.html","3.18"
"partCNV","https://bioconductor.org/packages/3.21/bioc/html/partCNV.html","3.18"
"RcisTarget","https://bioconductor.org/packages/3.21/bioc/html/RcisTarget.html","3.18"
"receptLoss","https://bioconductor.org/packages/3.21/bioc/html/receptLoss.html","3.18"
"RgnTX","https://bioconductor.org/packages/3.21/bioc/html/RgnTX.html","3.18"
"RiboProfiling","https://bioconductor.org/packages/3.21/bioc/html/RiboProfiling.html","3.18"
"RTCGA","https://bioconductor.org/packages/3.21/bioc/html/RTCGA.html","3.18"
"shiny.gosling","https://bioconductor.org/packages/3.21/bioc/html/shiny.gosling.html","3.18"
"soGGi","https://bioconductor.org/packages/3.21/bioc/html/soGGi.html","3.18"
"SigFuge","https://bioconductor.org/packages/3.21/bioc/html/SigFuge.html","3.18"
"spatzie","https://bioconductor.org/packages/3.21/bioc/html/spatzie.html","3.18"
"SQLDataFrame","https://bioconductor.org/packages/3.21/bioc/html/SQLDataFrame.html","3.18"
"supersigs","https://bioconductor.org/packages/3.21/bioc/html/supersigs.html","3.18"
"tLOH","https://bioconductor.org/packages/3.21/bioc/html/tLOH.html","3.18"
"Director","https://bioconductor.org/packages/3.21/bioc/html/Director.html","3.18"
"erma","https://bioconductor.org/packages/3.21/bioc/html/erma.html","3.18"
"girafe","https://bioconductor.org/packages/3.21/bioc/html/girafe.html","3.18"
"RBioinf","https://bioconductor.org/packages/3.21/bioc/html/RBioinf.html","3.18"
"Rtreemix","https://bioconductor.org/packages/3.20/bioc/html/Rtreemix.html","3.18"
"synapter","https://bioconductor.org/packages/3.20/bioc/html/synapter.html","3.18"
"zlibbioc","https://bioconductor.org/packages/3.21/bioc/html/zlibbioc.html","3.18"
"AneuFinder","https://bioconductor.org/packages/3.20/bioc/html/AneuFinder.html","3.18"
"BEARscc","https://bioconductor.org/packages/3.19/bioc/html/BEARscc.html","3.18"
"CBEA","https://bioconductor.org/packages/3.20/bioc/html/CBEA.html","3.18"
"chromstaR","https://bioconductor.org/packages/3.20/bioc/html/chromstaR.html","3.18"
"coMET","https://bioconductor.org/packages/3.18/bioc/html/coMET.html","3.18"
"crossmeta","https://bioconductor.org/packages/3.19/bioc/html/crossmeta.html","3.18"
"dce","https://bioconductor.org/packages/3.20/bioc/html/dce.html","3.18"
"DeProViR","https://bioconductor.org/packages/3.19/bioc/html/DeProViR.html","3.18"
"DIAlignR","https://bioconductor.org/packages/3.19/bioc/html/DIAlignR.html","3.18"
"GeneGeneInteR","https://bioconductor.org/packages/3.20/bioc/html/GeneGeneInteR.html","3.18"
"genoCN","https://bioconductor.org/packages/3.20/bioc/html/genoCN.html","3.18"
"gespeR","https://bioconductor.org/packages/3.19/bioc/html/gespeR.html","3.18"
"GraphPAC","https://bioconductor.org/packages/3.19/bioc/html/GraphPAC.html","3.18"
"HTSeqGenie","https://bioconductor.org/packages/3.19/bioc/html/HTSeqGenie.html","3.18"
"iPAC","https://bioconductor.org/packages/3.19/bioc/html/iPAC.html","3.18"
"MAGeCKFlute","https://bioconductor.org/packages/3.20/bioc/html/MAGeCKFlute.html","3.18"
"netDx","https://bioconductor.org/packages/3.17/bioc/html/netDx.html","3.18"
"NeuCA","https://bioconductor.org/packages/3.19/bioc/html/NeuCA.html","3.18"
"PanViz","https://bioconductor.org/packages/3.19/bioc/html/PanViz.html","3.18"
"pareg","https://bioconductor.org/packages/3.19/bioc/html/pareg.html","3.18"
"paxtoolsr","https://bioconductor.org/packages/3.19/bioc/html/paxtoolsr.html","3.18"
"PICS","https://bioconductor.org/packages/3.20/bioc/html/PICS.html","3.18"
"PING","https://bioconductor.org/packages/3.20/bioc/html/PING.html","3.18"
"QuartPAC","https://bioconductor.org/packages/3.19/bioc/html/QuartPAC.html","3.18"
"ReactomeContentService4R","https://bioconductor.org/packages/3.19/bioc/html/ReactomeContentService4R.html","3.18"
"RGMQL","https://bioconductor.org/packages/3.16/bioc/html/RGMQL.html","3.18"
"SpacePAC","https://bioconductor.org/packages/3.19/bioc/html/SpacePAC.html","3.18"
"staRank","https://bioconductor.org/packages/3.19/bioc/html/staRank.html","3.18"
"STdeconvolve","https://bioconductor.org/packages/3.19/bioc/html/STdeconvolve.html","3.18"
"supraHex","https://bioconductor.org/packages/3.19/bioc/html/supraHex.html","3.18"
"trigger","https://bioconductor.org/packages/3.20/bioc/html/trigger.html","3.18"
"TypeInfo","https://bioconductor.org/packages/3.19/bioc/html/TypeInfo.html","3.18"
"BiocOncoTK","https://bioconductor.org/packages/3.17/bioc/html/BiocOncoTK.html","3.18"
"psygenet2r","https://bioconductor.org/packages/3.18/bioc/html/psygenet2r.html","3.18"
"rDGIdb","https://bioconductor.org/packages/3.17/bioc/html/rDGIdb.html","3.18"
"RNAinteract","https://bioconductor.org/packages/3.19/bioc/html/RNAinteract.html","3.18"
"ATACCoGAPS","https://bioconductor.org/packages/3.18/bioc/html/ATACCoGAPS.html","3.18"
"biodbExpasy","https://bioconductor.org/packages/3.18/bioc/html/biodbExpasy.html","3.18"
"biodbKegg","https://bioconductor.org/packages/3.18/bioc/html/biodbKegg.html","3.18"
"brainflowprobes","https://bioconductor.org/packages/3.18/bioc/html/brainflowprobes.html","3.18"
"BRGenomics","https://bioconductor.org/packages/3.16/bioc/html/BRGenomics.html","3.18"
"CellaRepertorium","https://bioconductor.org/packages/3.18/bioc/html/CellaRepertorium.html","3.18"
"microbiomeMarker","https://bioconductor.org/packages/3.18/bioc/html/microbiomeMarker.html","3.18"
"MQmetrics","https://bioconductor.org/packages/3.17/bioc/html/MQmetrics.html","3.18"
"nanotatoR","https://bioconductor.org/packages/3.18/bioc/html/nanotatoR.html","3.18"
"netOmics","https://bioconductor.org/packages/3.17/bioc/html/netOmics.html","3.18"
"Pi","https://bioconductor.org/packages/3.17/bioc/html/Pi.html","3.18"
"polyester","https://bioconductor.org/packages/3.18/bioc/html/polyester.html","3.18"
"RandomWalkRestartMH","https://bioconductor.org/packages/3.17/bioc/html/RandomWalkRestartMH.html","3.18"
"Risa","https://bioconductor.org/packages/3.18/bioc/html/Risa.html","3.18"
"single","https://bioconductor.org/packages/3.17/bioc/html/single.html","3.18"
"SummarizedBenchmark","https://bioconductor.org/packages/3.17/bioc/html/SummarizedBenchmark.html","3.18"
"CancerInSilico","https://bioconductor.org/packages/3.16/bioc/html/CancerInSilico.html","3.18"
"cellHTS2","https://bioconductor.org/packages/3.18/bioc/html/cellHTS2.html","3.18"
"CNVgears","https://bioconductor.org/packages/3.18/bioc/html/CNVgears.html","3.18"
"compartmap","https://bioconductor.org/packages/3.16/bioc/html/compartmap.html","3.18"
"ensemblVEP","https://bioconductor.org/packages/3.15/bioc/html/ensemblVEP.html","3.18"
"HumanTranscriptomeCompendium","https://bioconductor.org/packages/3.17/bioc/html/HumanTranscriptomeCompendium.html","3.18"
"maigesPack","https://bioconductor.org/packages/3.16/bioc/html/maigesPack.html","3.18"
"MMAPPR2","https://bioconductor.org/packages/3.15/bioc/html/MMAPPR2.html","3.18"
"openPrimeRui","https://bioconductor.org/packages/3.18/bioc/html/openPrimeRui.html","3.18"
"pwOmics","https://bioconductor.org/packages/3.16/bioc/html/pwOmics.html","3.18"
"restfulSE","https://bioconductor.org/packages/3.15/bioc/html/restfulSE.html","3.18"
"beadarraySNP","https://bioconductor.org/packages/3.18/bioc/html/beadarraySNP.html","3.18"
"BDMMAcorrect","https://bioconductor.org/packages/3.16/bioc/html/BDMMAcorrect.html","3.18"
"BHC","https://bioconductor.org/packages/3.16/bioc/html/BHC.html","3.18"
"biodbLipidmaps","https://bioconductor.org/packages/3.17/bioc/html/biodbLipidmaps.html","3.18"
"BioNetStat","https://bioconductor.org/packages/3.17/bioc/html/BioNetStat.html","3.18"
"CancerSubtypes","https://bioconductor.org/packages/3.16/bioc/html/CancerSubtypes.html","3.18"
"cliqueMS","https://bioconductor.org/packages/3.17/bioc/html/cliqueMS.html","3.18"
"contiBAIT","https://bioconductor.org/packages/3.18/bioc/html/contiBAIT.html","3.18"
"CoRegNet","https://bioconductor.org/packages/3.16/bioc/html/CoRegNet.html","3.18"
"CORREP","https://bioconductor.org/packages/3.18/bioc/html/CORREP.html","3.18"
"crisprseekplus","https://bioconductor.org/packages/3.16/bioc/html/crisprseekplus.html","3.18"
"DNABarcodes","https://bioconductor.org/packages/3.16/bioc/html/DNABarcodes.html","3.18"
"dpeak","https://bioconductor.org/packages/3.16/bioc/html/dpeak.html","3.18"
"EBSeqHMM","https://bioconductor.org/packages/3.17/bioc/html/EBSeqHMM.html","3.18"
"eegc","https://bioconductor.org/packages/3.16/bioc/html/eegc.html","3.18"
"enrichTF","https://bioconductor.org/packages/3.16/bioc/html/enrichTF.html","3.18"
"exomePeak2","https://bioconductor.org/packages/3.16/bioc/html/exomePeak2.html","3.18"
"farms","https://bioconductor.org/packages/3.16/bioc/html/farms.html","3.18"
"FCBF","https://bioconductor.org/packages/3.16/bioc/html/FCBF.html","3.18"
"flowMap","https://bioconductor.org/packages/3.16/bioc/html/flowMap.html","3.18"
"FoldGO","https://bioconductor.org/packages/3.16/bioc/html/FoldGO.html","3.18"
"FScanR","https://bioconductor.org/packages/3.18/bioc/html/FScanR.html","3.18"
"FunChIP","https://bioconductor.org/packages/3.18/bioc/html/FunChIP.html","3.18"
"GOSim","https://bioconductor.org/packages/3.18/bioc/html/GOSim.html","3.18"
"ImmuneSpaceR","https://bioconductor.org/packages/3.17/bioc/html/ImmuneSpaceR.html","3.18"
"InterMineR","https://bioconductor.org/packages/3.18/bioc/html/InterMineR.html","3.18"
"IntOMICS","https://bioconductor.org/packages/3.17/bioc/html/IntOMICS.html","3.18"
"IRISFGM","https://bioconductor.org/packages/3.16/bioc/html/IRISFGM.html","3.18"
"iterClust","https://bioconductor.org/packages/3.18/bioc/html/iterClust.html","3.18"
"metagene","https://bioconductor.org/packages/3.16/bioc/html/metagene.html","3.18"
"MetaVolcanoR","https://bioconductor.org/packages/3.18/bioc/html/MetaVolcanoR.html","3.18"
"miRmine","https://bioconductor.org/packages/3.18/bioc/html/miRmine.html","3.18"
"MobilityTransformR","https://bioconductor.org/packages/3.18/bioc/html/MobilityTransformR.html","3.18"
"multiOmicsViz","https://bioconductor.org/packages/3.16/bioc/html/multiOmicsViz.html","3.18"
"NeighborNet","https://bioconductor.org/packages/3.16/bioc/html/NeighborNet.html","3.18"
"oneSENSE","https://bioconductor.org/packages/3.12/bioc/html/oneSENSE.html","3.18"
"pathVar","https://bioconductor.org/packages/3.16/bioc/html/pathVar.html","3.18"
"pcxn","https://bioconductor.org/packages/3.18/bioc/html/pcxn.html","3.18"
"PERFect","https://bioconductor.org/packages/3.16/bioc/html/PERFect.html","3.18"
"phemd","https://bioconductor.org/packages/3.17/bioc/html/phemd.html","3.18"
"PloGO2","https://bioconductor.org/packages/3.16/bioc/html/PloGO2.html","3.18"
"proteasy","https://bioconductor.org/packages/3.16/bioc/html/proteasy.html","3.18"
"PSEA","https://bioconductor.org/packages/3.18/bioc/html/PSEA.html","3.18"
"RefPlus","https://bioconductor.org/packages/3.16/bioc/html/RefPlus.html","3.18"
"ReQON","https://bioconductor.org/packages/3.16/bioc/html/ReQON.html","3.18"
"RIPAT","https://bioconductor.org/packages/3.16/bioc/html/RIPAT.html","3.18"
"RLSeq","https://bioconductor.org/packages/3.16/bioc/html/RLSeq.html","3.18"
"SimBindProfiles","https://bioconductor.org/packages/3.18/bioc/html/SimBindProfiles.html","3.18"
"SMAP","https://bioconductor.org/packages/3.18/bioc/html/SMAP.html","3.18"
"sparseDOSSA","https://bioconductor.org/packages/3.16/bioc/html/sparseDOSSA.html","3.18"
"SpidermiR","https://bioconductor.org/packages/3.17/bioc/html/SpidermiR.html","3.18"
"SQUADD","https://bioconductor.org/packages/3.18/bioc/html/SQUADD.html","3.18"
"StarBioTrek","https://bioconductor.org/packages/3.17/bioc/html/StarBioTrek.html","3.18"
"STROMA4","https://bioconductor.org/packages/3.16/bioc/html/STROMA4.html","3.18"
"TimiRGeN","https://bioconductor.org/packages/3.16/bioc/html/TimiRGeN.html","3.18"
"TNBC.CMS","https://bioconductor.org/packages/3.18/bioc/html/TNBC.CMS.html","3.18"
"MMAPPR2data","https://bioconductor.org/packages/3.19/data/experiment/html/MMAPPR2data.html","3.18"
"pcxnData","https://bioconductor.org/packages/3.18/data/experiment/html/pcxnData.html","3.18"
"restfulSEData","https://bioconductor.org/packages/3.19/data/experiment/html/restfulSEData.html","3.18"
"RLHub","https://bioconductor.org/packages/3.16/data/experiment/html/RLHub.html","3.18"
"BGmix","https://bioconductor.org/packages/3.16/bioc/html/BGmix.html","3.18"
"bigPint","https://bioconductor.org/packages/3.16/bioc/html/bigPint.html","3.18"
"biodbMirbase","https://bioconductor.org/packages/3.17/bioc/html/biodbMirbase.html","3.18"
"BioMM","https://bioconductor.org/packages/3.16/bioc/html/BioMM.html","3.18"
"Clonality","https://bioconductor.org/packages/3.16/bioc/html/Clonality.html","3.18"
"COHCAP","https://bioconductor.org/packages/3.18/bioc/html/COHCAP.html","3.18"
"CSSP","https://bioconductor.org/packages/3.16/bioc/html/CSSP.html","3.18"
"deco","https://bioconductor.org/packages/3.16/bioc/html/deco.html","3.18"
"DeepBlueR","https://bioconductor.org/packages/3.17/bioc/html/DeepBlueR.html","3.18"
"DMRforPairs","https://bioconductor.org/packages/3.16/bioc/html/DMRforPairs.html","3.18"
"exomeCopy","https://bioconductor.org/packages/3.18/bioc/html/exomeCopy.html","3.18"
"fcoex","https://bioconductor.org/packages/3.16/bioc/html/fcoex.html","3.18"
"gaggle","https://bioconductor.org/packages/3.18/bioc/html/gaggle.html","3.18"
"GCSscore","https://bioconductor.org/packages/3.17/bioc/html/GCSscore.html","3.18"
"genbankr","https://bioconductor.org/packages/3.16/bioc/html/genbankr.html","3.18"
"GISPA","https://bioconductor.org/packages/3.18/bioc/html/GISPA.html","3.18"
"GOsummaries","https://bioconductor.org/packages/3.18/bioc/html/GOsummaries.html","3.18"
"GRridge","https://bioconductor.org/packages/3.16/bioc/html/GRridge.html","3.18"
"HPAStainR","https://bioconductor.org/packages/3.16/bioc/html/HPAStainR.html","3.18"
"imageHTS","https://bioconductor.org/packages/3.16/bioc/html/imageHTS.html","3.18"
"IntOMICS","https://bioconductor.org/packages/3.17/bioc/html/IntOMICS.html","3.18"
"LineagePulse","https://bioconductor.org/packages/3.18/bioc/html/LineagePulse.html","3.18"
"logitT","https://bioconductor.org/packages/3.17/bioc/html/logitT.html","3.18"
"LowMACA","https://bioconductor.org/packages/3.15/bioc/html/LowMACA.html","3.18"
"LPEadj","https://bioconductor.org/packages/3.18/bioc/html/LPEadj.html","3.18"
"macat","https://bioconductor.org/packages/3.18/bioc/html/macat.html","3.18"
"mAPKL","https://bioconductor.org/packages/3.16/bioc/html/mAPKL.html","3.18"
"mbOmic","https://bioconductor.org/packages/3.16/bioc/html/mbOmic.html","3.18"
"Metab","https://bioconductor.org/packages/3.16/bioc/html/Metab.html","3.18"
"MSstatsSampleSize","https://bioconductor.org/packages/3.16/bioc/html/MSstatsSampleSize.html","3.18"
"multiSight","https://bioconductor.org/packages/3.16/bioc/html/multiSight.html","3.18"
"netbiov","https://bioconductor.org/packages/3.16/bioc/html/netbiov.html","3.18"
"OmicsLonDA","https://bioconductor.org/packages/3.16/bioc/html/OmicsLonDA.html","3.18"
"PFP","https://bioconductor.org/packages/3.16/bioc/html/PFP.html","3.18"
"plethy","https://bioconductor.org/packages/3.16/bioc/html/plethy.html","3.18"
"pwrEWAS","https://bioconductor.org/packages/3.16/bioc/html/pwrEWAS.html","3.18"
"qrqc","https://bioconductor.org/packages/3.16/bioc/html/qrqc.html","3.18"
"Ringo","https://bioconductor.org/packages/3.18/bioc/html/Ringo.html","3.18"
"SCATE","https://bioconductor.org/packages/3.16/bioc/html/SCATE.html","3.18"
"SEPIRA","https://bioconductor.org/packages/3.17/bioc/html/SEPIRA.html","3.18"
"seqbias","https://bioconductor.org/packages/3.15/bioc/html/seqbias.html","3.18"
"seqCNA","https://bioconductor.org/packages/3.18/bioc/html/seqCNA.html","3.18"
"SISPA","https://bioconductor.org/packages/3.17/bioc/html/SISPA.html","3.18"
"snapCGH","https://bioconductor.org/packages/3.17/bioc/html/snapCGH.html","3.18"
"sscore","https://bioconductor.org/packages/3.17/bioc/html/sscore.html","3.18"
"Travel","https://bioconductor.org/packages/3.15/bioc/html/Travel.html","3.18"
"trena","https://bioconductor.org/packages/3.17/bioc/html/trena.html","3.18"
"Director","https://bioconductor.org/packages/3.21/bioc/html/Director.html","3.17"
"erma","https://bioconductor.org/packages/3.21/bioc/html/erma.html","3.17"
"girafe","https://bioconductor.org/packages/3.21/bioc/html/girafe.html","3.17"
"RBioinf","https://bioconductor.org/packages/3.21/bioc/html/RBioinf.html","3.17"
"Rtreemix","https://bioconductor.org/packages/3.20/bioc/html/Rtreemix.html","3.17"
"synapter","https://bioconductor.org/packages/3.20/bioc/html/synapter.html","3.17"
"zlibbioc","https://bioconductor.org/packages/3.21/bioc/html/zlibbioc.html","3.17"
"AneuFinder","https://bioconductor.org/packages/3.20/bioc/html/AneuFinder.html","3.17"
"BEARscc","https://bioconductor.org/packages/3.19/bioc/html/BEARscc.html","3.17"
"CBEA","https://bioconductor.org/packages/3.20/bioc/html/CBEA.html","3.17"
"chromstaR","https://bioconductor.org/packages/3.20/bioc/html/chromstaR.html","3.17"
"coMET","https://bioconductor.org/packages/3.18/bioc/html/coMET.html","3.17"
"crossmeta","https://bioconductor.org/packages/3.19/bioc/html/crossmeta.html","3.17"
"dce","https://bioconductor.org/packages/3.20/bioc/html/dce.html","3.17"
"DeProViR","https://bioconductor.org/packages/3.19/bioc/html/DeProViR.html","3.17"
"DIAlignR","https://bioconductor.org/packages/3.19/bioc/html/DIAlignR.html","3.17"
"GeneGeneInteR","https://bioconductor.org/packages/3.20/bioc/html/GeneGeneInteR.html","3.17"
"genoCN","https://bioconductor.org/packages/3.20/bioc/html/genoCN.html","3.17"
"gespeR","https://bioconductor.org/packages/3.19/bioc/html/gespeR.html","3.17"
"GraphPAC","https://bioconductor.org/packages/3.19/bioc/html/GraphPAC.html","3.17"
"HTSeqGenie","https://bioconductor.org/packages/3.19/bioc/html/HTSeqGenie.html","3.17"
"iPAC","https://bioconductor.org/packages/3.19/bioc/html/iPAC.html","3.17"
"MAGeCKFlute","https://bioconductor.org/packages/3.20/bioc/html/MAGeCKFlute.html","3.17"
"netDx","https://bioconductor.org/packages/3.17/bioc/html/netDx.html","3.17"
"NeuCA","https://bioconductor.org/packages/3.19/bioc/html/NeuCA.html","3.17"
"PanViz","https://bioconductor.org/packages/3.19/bioc/html/PanViz.html","3.17"
"pareg","https://bioconductor.org/packages/3.19/bioc/html/pareg.html","3.17"
"paxtoolsr","https://bioconductor.org/packages/3.19/bioc/html/paxtoolsr.html","3.17"
"PICS","https://bioconductor.org/packages/3.20/bioc/html/PICS.html","3.17"
"PING","https://bioconductor.org/packages/3.20/bioc/html/PING.html","3.17"
"QuartPAC","https://bioconductor.org/packages/3.19/bioc/html/QuartPAC.html","3.17"
"ReactomeContentService4R","https://bioconductor.org/packages/3.19/bioc/html/ReactomeContentService4R.html","3.17"
"RGMQL","https://bioconductor.org/packages/3.16/bioc/html/RGMQL.html","3.17"
"SpacePAC","https://bioconductor.org/packages/3.19/bioc/html/SpacePAC.html","3.17"
"staRank","https://bioconductor.org/packages/3.19/bioc/html/staRank.html","3.17"
"STdeconvolve","https://bioconductor.org/packages/3.19/bioc/html/STdeconvolve.html","3.17"
"supraHex","https://bioconductor.org/packages/3.19/bioc/html/supraHex.html","3.17"
"trigger","https://bioconductor.org/packages/3.20/bioc/html/trigger.html","3.17"
"TypeInfo","https://bioconductor.org/packages/3.19/bioc/html/TypeInfo.html","3.17"
"BiocOncoTK","https://bioconductor.org/packages/3.17/bioc/html/BiocOncoTK.html","3.17"
"psygenet2r","https://bioconductor.org/packages/3.18/bioc/html/psygenet2r.html","3.17"
"rDGIdb","https://bioconductor.org/packages/3.17/bioc/html/rDGIdb.html","3.17"
"RNAinteract","https://bioconductor.org/packages/3.19/bioc/html/RNAinteract.html","3.17"
"ATACCoGAPS","https://bioconductor.org/packages/3.18/bioc/html/ATACCoGAPS.html","3.17"
"biodbExpasy","https://bioconductor.org/packages/3.18/bioc/html/biodbExpasy.html","3.17"
"biodbKegg","https://bioconductor.org/packages/3.18/bioc/html/biodbKegg.html","3.17"
"brainflowprobes","https://bioconductor.org/packages/3.18/bioc/html/brainflowprobes.html","3.17"
"BRGenomics","https://bioconductor.org/packages/3.16/bioc/html/BRGenomics.html","3.17"
"CellaRepertorium","https://bioconductor.org/packages/3.18/bioc/html/CellaRepertorium.html","3.17"
"microbiomeMarker","https://bioconductor.org/packages/3.18/bioc/html/microbiomeMarker.html","3.17"
"MQmetrics","https://bioconductor.org/packages/3.17/bioc/html/MQmetrics.html","3.17"
"nanotatoR","https://bioconductor.org/packages/3.18/bioc/html/nanotatoR.html","3.17"
"netOmics","https://bioconductor.org/packages/3.17/bioc/html/netOmics.html","3.17"
"Pi","https://bioconductor.org/packages/3.17/bioc/html/Pi.html","3.17"
"polyester","https://bioconductor.org/packages/3.18/bioc/html/polyester.html","3.17"
"RandomWalkRestartMH","https://bioconductor.org/packages/3.17/bioc/html/RandomWalkRestartMH.html","3.17"
"Risa","https://bioconductor.org/packages/3.18/bioc/html/Risa.html","3.17"
"single","https://bioconductor.org/packages/3.17/bioc/html/single.html","3.17"
"SummarizedBenchmark","https://bioconductor.org/packages/3.17/bioc/html/SummarizedBenchmark.html","3.17"
"CancerInSilico","https://bioconductor.org/packages/3.16/bioc/html/CancerInSilico.html","3.17"
"cellHTS2","https://bioconductor.org/packages/3.18/bioc/html/cellHTS2.html","3.17"
"CNVgears","https://bioconductor.org/packages/3.18/bioc/html/CNVgears.html","3.17"
"compartmap","https://bioconductor.org/packages/3.16/bioc/html/compartmap.html","3.17"
"ensemblVEP","https://bioconductor.org/packages/3.15/bioc/html/ensemblVEP.html","3.17"
"HumanTranscriptomeCompendium","https://bioconductor.org/packages/3.17/bioc/html/HumanTranscriptomeCompendium.html","3.17"
"maigesPack","https://bioconductor.org/packages/3.16/bioc/html/maigesPack.html","3.17"
"MMAPPR2","https://bioconductor.org/packages/3.15/bioc/html/MMAPPR2.html","3.17"
"openPrimeRui","https://bioconductor.org/packages/3.18/bioc/html/openPrimeRui.html","3.17"
"pwOmics","https://bioconductor.org/packages/3.16/bioc/html/pwOmics.html","3.17"
"restfulSE","https://bioconductor.org/packages/3.15/bioc/html/restfulSE.html","3.17"
"beadarraySNP","https://bioconductor.org/packages/3.18/bioc/html/beadarraySNP.html","3.17"
"BDMMAcorrect","https://bioconductor.org/packages/3.16/bioc/html/BDMMAcorrect.html","3.17"
"BHC","https://bioconductor.org/packages/3.16/bioc/html/BHC.html","3.17"
"biodbLipidmaps","https://bioconductor.org/packages/3.17/bioc/html/biodbLipidmaps.html","3.17"
"BioNetStat","https://bioconductor.org/packages/3.17/bioc/html/BioNetStat.html","3.17"
"CancerSubtypes","https://bioconductor.org/packages/3.16/bioc/html/CancerSubtypes.html","3.17"
"cliqueMS","https://bioconductor.org/packages/3.17/bioc/html/cliqueMS.html","3.17"
"contiBAIT","https://bioconductor.org/packages/3.18/bioc/html/contiBAIT.html","3.17"
"CoRegNet","https://bioconductor.org/packages/3.16/bioc/html/CoRegNet.html","3.17"
"CORREP","https://bioconductor.org/packages/3.18/bioc/html/CORREP.html","3.17"
"crisprseekplus","https://bioconductor.org/packages/3.16/bioc/html/crisprseekplus.html","3.17"
"DNABarcodes","https://bioconductor.org/packages/3.16/bioc/html/DNABarcodes.html","3.17"
"dpeak","https://bioconductor.org/packages/3.16/bioc/html/dpeak.html","3.17"
"EBSeqHMM","https://bioconductor.org/packages/3.17/bioc/html/EBSeqHMM.html","3.17"
"eegc","https://bioconductor.org/packages/3.16/bioc/html/eegc.html","3.17"
"enrichTF","https://bioconductor.org/packages/3.16/bioc/html/enrichTF.html","3.17"
"exomePeak2","https://bioconductor.org/packages/3.16/bioc/html/exomePeak2.html","3.17"
"farms","https://bioconductor.org/packages/3.16/bioc/html/farms.html","3.17"
"FCBF","https://bioconductor.org/packages/3.16/bioc/html/FCBF.html","3.17"
"flowMap","https://bioconductor.org/packages/3.16/bioc/html/flowMap.html","3.17"
"FoldGO","https://bioconductor.org/packages/3.16/bioc/html/FoldGO.html","3.17"
"FScanR","https://bioconductor.org/packages/3.18/bioc/html/FScanR.html","3.17"
"FunChIP","https://bioconductor.org/packages/3.18/bioc/html/FunChIP.html","3.17"
"GOSim","https://bioconductor.org/packages/3.18/bioc/html/GOSim.html","3.17"
"ImmuneSpaceR","https://bioconductor.org/packages/3.17/bioc/html/ImmuneSpaceR.html","3.17"
"InterMineR","https://bioconductor.org/packages/3.18/bioc/html/InterMineR.html","3.17"
"IntOMICS","https://bioconductor.org/packages/3.17/bioc/html/IntOMICS.html","3.17"
"IRISFGM","https://bioconductor.org/packages/3.16/bioc/html/IRISFGM.html","3.17"
"iterClust","https://bioconductor.org/packages/3.18/bioc/html/iterClust.html","3.17"
"metagene","https://bioconductor.org/packages/3.16/bioc/html/metagene.html","3.17"
"MetaVolcanoR","https://bioconductor.org/packages/3.18/bioc/html/MetaVolcanoR.html","3.17"
"miRmine","https://bioconductor.org/packages/3.18/bioc/html/miRmine.html","3.17"
"MobilityTransformR","https://bioconductor.org/packages/3.18/bioc/html/MobilityTransformR.html","3.17"
"multiOmicsViz","https://bioconductor.org/packages/3.16/bioc/html/multiOmicsViz.html","3.17"
"NeighborNet","https://bioconductor.org/packages/3.16/bioc/html/NeighborNet.html","3.17"
"oneSENSE","https://bioconductor.org/packages/3.12/bioc/html/oneSENSE.html","3.17"
"pathVar","https://bioconductor.org/packages/3.16/bioc/html/pathVar.html","3.17"
"pcxn","https://bioconductor.org/packages/3.18/bioc/html/pcxn.html","3.17"
"PERFect","https://bioconductor.org/packages/3.16/bioc/html/PERFect.html","3.17"
"phemd","https://bioconductor.org/packages/3.17/bioc/html/phemd.html","3.17"
"PloGO2","https://bioconductor.org/packages/3.16/bioc/html/PloGO2.html","3.17"
"proteasy","https://bioconductor.org/packages/3.16/bioc/html/proteasy.html","3.17"
"PSEA","https://bioconductor.org/packages/3.18/bioc/html/PSEA.html","3.17"
"RefPlus","https://bioconductor.org/packages/3.16/bioc/html/RefPlus.html","3.17"
"ReQON","https://bioconductor.org/packages/3.16/bioc/html/ReQON.html","3.17"
"RIPAT","https://bioconductor.org/packages/3.16/bioc/html/RIPAT.html","3.17"
"RLSeq","https://bioconductor.org/packages/3.16/bioc/html/RLSeq.html","3.17"
"SimBindProfiles","https://bioconductor.org/packages/3.18/bioc/html/SimBindProfiles.html","3.17"
"SMAP","https://bioconductor.org/packages/3.18/bioc/html/SMAP.html","3.17"
"sparseDOSSA","https://bioconductor.org/packages/3.16/bioc/html/sparseDOSSA.html","3.17"
"SpidermiR","https://bioconductor.org/packages/3.17/bioc/html/SpidermiR.html","3.17"
"SQUADD","https://bioconductor.org/packages/3.18/bioc/html/SQUADD.html","3.17"
"StarBioTrek","https://bioconductor.org/packages/3.17/bioc/html/StarBioTrek.html","3.17"
"STROMA4","https://bioconductor.org/packages/3.16/bioc/html/STROMA4.html","3.17"
"TimiRGeN","https://bioconductor.org/packages/3.16/bioc/html/TimiRGeN.html","3.17"
"TNBC.CMS","https://bioconductor.org/packages/3.18/bioc/html/TNBC.CMS.html","3.17"
"BGmix","https://bioconductor.org/packages/3.16/bioc/html/BGmix.html","3.17"
"bigPint","https://bioconductor.org/packages/3.16/bioc/html/bigPint.html","3.17"
"biodbMirbase","https://bioconductor.org/packages/3.17/bioc/html/biodbMirbase.html","3.17"
"BioMM","https://bioconductor.org/packages/3.16/bioc/html/BioMM.html","3.17"
"Clonality","https://bioconductor.org/packages/3.16/bioc/html/Clonality.html","3.17"
"COHCAP","https://bioconductor.org/packages/3.18/bioc/html/COHCAP.html","3.17"
"CSSP","https://bioconductor.org/packages/3.16/bioc/html/CSSP.html","3.17"
"deco","https://bioconductor.org/packages/3.16/bioc/html/deco.html","3.17"
"DeepBlueR","https://bioconductor.org/packages/3.17/bioc/html/DeepBlueR.html","3.17"
"DMRforPairs","https://bioconductor.org/packages/3.16/bioc/html/DMRforPairs.html","3.17"
"exomeCopy","https://bioconductor.org/packages/3.18/bioc/html/exomeCopy.html","3.17"
"fcoex","https://bioconductor.org/packages/3.16/bioc/html/fcoex.html","3.17"
"gaggle","https://bioconductor.org/packages/3.18/bioc/html/gaggle.html","3.17"
"GCSscore","https://bioconductor.org/packages/3.17/bioc/html/GCSscore.html","3.17"
"genbankr","https://bioconductor.org/packages/3.16/bioc/html/genbankr.html","3.17"
"GISPA","https://bioconductor.org/packages/3.18/bioc/html/GISPA.html","3.17"
"GOsummaries","https://bioconductor.org/packages/3.18/bioc/html/GOsummaries.html","3.17"
"GRridge","https://bioconductor.org/packages/3.16/bioc/html/GRridge.html","3.17"
"HPAStainR","https://bioconductor.org/packages/3.16/bioc/html/HPAStainR.html","3.17"
"imageHTS","https://bioconductor.org/packages/3.16/bioc/html/imageHTS.html","3.17"
"IntOMICS","https://bioconductor.org/packages/3.17/bioc/html/IntOMICS.html","3.17"
"LineagePulse","https://bioconductor.org/packages/3.18/bioc/html/LineagePulse.html","3.17"
"logitT","https://bioconductor.org/packages/3.17/bioc/html/logitT.html","3.17"
"LowMACA","https://bioconductor.org/packages/3.15/bioc/html/LowMACA.html","3.17"
"LPEadj","https://bioconductor.org/packages/3.18/bioc/html/LPEadj.html","3.17"
"macat","https://bioconductor.org/packages/3.18/bioc/html/macat.html","3.17"
"mAPKL","https://bioconductor.org/packages/3.16/bioc/html/mAPKL.html","3.17"
"mbOmic","https://bioconductor.org/packages/3.16/bioc/html/mbOmic.html","3.17"
"Metab","https://bioconductor.org/packages/3.16/bioc/html/Metab.html","3.17"
"MSstatsSampleSize","https://bioconductor.org/packages/3.16/bioc/html/MSstatsSampleSize.html","3.17"
"multiSight","https://bioconductor.org/packages/3.16/bioc/html/multiSight.html","3.17"
"netbiov","https://bioconductor.org/packages/3.16/bioc/html/netbiov.html","3.17"
"OmicsLonDA","https://bioconductor.org/packages/3.16/bioc/html/OmicsLonDA.html","3.17"
"PFP","https://bioconductor.org/packages/3.16/bioc/html/PFP.html","3.17"
"plethy","https://bioconductor.org/packages/3.16/bioc/html/plethy.html","3.17"
"pwrEWAS","https://bioconductor.org/packages/3.16/bioc/html/pwrEWAS.html","3.17"
"qrqc","https://bioconductor.org/packages/3.16/bioc/html/qrqc.html","3.17"
"Ringo","https://bioconductor.org/packages/3.18/bioc/html/Ringo.html","3.17"
"SCATE","https://bioconductor.org/packages/3.16/bioc/html/SCATE.html","3.17"
"SEPIRA","https://bioconductor.org/packages/3.17/bioc/html/SEPIRA.html","3.17"
"seqbias","https://bioconductor.org/packages/3.15/bioc/html/seqbias.html","3.17"
"seqCNA","https://bioconductor.org/packages/3.18/bioc/html/seqCNA.html","3.17"
"SISPA","https://bioconductor.org/packages/3.17/bioc/html/SISPA.html","3.17"
"snapCGH","https://bioconductor.org/packages/3.17/bioc/html/snapCGH.html","3.17"
"sscore","https://bioconductor.org/packages/3.17/bioc/html/sscore.html","3.17"
"Travel","https://bioconductor.org/packages/3.15/bioc/html/Travel.html","3.17"
"trena","https://bioconductor.org/packages/3.17/bioc/html/trena.html","3.17"
"ccTutorial","https://bioconductor.org/packages/3.17/data/experiment/html/ccTutorial.html","3.17"
"ChIC.data","https://bioconductor.org/packages/3.17/data/experiment/html/ChIC.data.html","3.17"
"mAPKLData","https://bioconductor.org/packages/3.17/data/experiment/html/mAPKLData.html","3.17"
"MAQCsubsetILM","https://bioconductor.org/packages/3.17/data/experiment/html/MAQCsubsetILM.html","3.17"
"MIGSAdata","https://bioconductor.org/packages/3.17/data/experiment/html/MIGSAdata.html","3.17"
"pwrEWAS.data","https://bioconductor.org/packages/3.17/data/experiment/html/pwrEWAS.data.html","3.17"
"SCATEData","https://bioconductor.org/packages/3.17/data/experiment/html/SCATEData.html","3.17"
"seqCNA.annot","https://bioconductor.org/packages/3.17/data/experiment/html/seqCNA.annot.html","3.17"
"stjudem","https://bioconductor.org/packages/3.17/data/experiment/html/stjudem.html","3.17"
"alpine","https://bioconductor.org/packages/3.17/bioc/html/alpine.html","3.17"
"ArrayExpressHTS","https://bioconductor.org/packages/3.15/bioc/html/ArrayExpressHTS.html","3.17"
"ASpediaFI","https://bioconductor.org/packages/3.16/bioc/html/ASpediaFI.html","3.17"
"BiocDockerManager","https://bioconductor.org/packages/3.16/bioc/html/BiocDockerManager.html","3.17"
"ChIC","https://bioconductor.org/packages/3.16/bioc/html/ChIC.html","3.17"
"chromswitch","https://bioconductor.org/packages/3.17/bioc/html/chromswitch.html","3.17"
"copynumber","https://bioconductor.org/packages/3.14/bioc/html/copynumber.html","3.17"
"CopywriteR","https://bioconductor.org/packages/3.16/bioc/html/CopywriteR.html","3.17"
"dasper","https://bioconductor.org/packages/3.15/bioc/html/dasper.html","3.17"
"epihet","https://bioconductor.org/packages/3.16/bioc/html/epihet.html","3.17"
"GAPGOM","https://bioconductor.org/packages/3.14/bioc/html/GAPGOM.html","3.17"
"GeneAccord","https://bioconductor.org/packages/3.16/bioc/html/GeneAccord.html","3.17"
"genotypeeval","https://bioconductor.org/packages/3.16/bioc/html/genotypeeval.html","3.17"
"maanova","https://bioconductor.org/packages/3.16/bioc/html/maanova.html","3.17"
"metavizr","https://bioconductor.org/packages/3.15/bioc/html/metavizr.html","3.17"
"MethCP","https://bioconductor.org/packages/3.16/bioc/html/MethCP.html","3.17"
"MIGSA","https://bioconductor.org/packages/3.16/bioc/html/MIGSA.html","3.17"
"MIMOSA","https://bioconductor.org/packages/3.16/bioc/html/MIMOSA.html","3.17"
"NanoStringQCPro","https://bioconductor.org/packages/3.16/bioc/html/NanoStringQCPro.html","3.17"
"NBSplice","https://bioconductor.org/packages/3.16/bioc/html/NBSplice.html","3.17"
"netboxr","https://bioconductor.org/packages/3.16/bioc/html/netboxr.html","3.17"
"NxtIRFcore","https://bioconductor.org/packages/3.17/bioc/html/NxtIRFcore.html","3.17"
"ODER","https://bioconductor.org/packages/3.15/bioc/html/ODER.html","3.17"
"pkgDepTools","https://bioconductor.org/packages/3.16/bioc/html/pkgDepTools.html","3.17"
"PrecisionTrialDrawer","https://bioconductor.org/packages/3.15/bioc/html/PrecisionTrialDrawer.html","3.17"
"proBatch","https://bioconductor.org/packages/3.16/bioc/html/proBatch.html","3.17"
"proFIA","https://bioconductor.org/packages/3.16/bioc/html/proFIA.html","3.17"
"pulsedSilac","https://bioconductor.org/packages/3.15/bioc/html/pulsedSilac.html","3.17"
"savR","https://bioconductor.org/packages/3.16/bioc/html/savR.html","3.17"
"sigPathway","https://bioconductor.org/packages/3.16/bioc/html/sigPathway.html","3.17"
"STAN","https://bioconductor.org/packages/3.16/bioc/html/STAN.html","3.17"
"TarSeqQC","https://bioconductor.org/packages/3.16/bioc/html/TarSeqQC.html","3.17"
"tscR","https://bioconductor.org/packages/3.16/bioc/html/tscR.html","3.17"
"alpineData","https://bioconductor.org/packages/3.17/data/experiment/html/alpineData.html","3.17"
"plasFIA","https://bioconductor.org/packages/3.16/data/experiment/html/plasFIA.html","3.17"
"Director","https://bioconductor.org/packages/3.21/bioc/html/Director.html","3.16"
"erma","https://bioconductor.org/packages/3.21/bioc/html/erma.html","3.16"
"girafe","https://bioconductor.org/packages/3.21/bioc/html/girafe.html","3.16"
"RBioinf","https://bioconductor.org/packages/3.21/bioc/html/RBioinf.html","3.16"
"Rtreemix","https://bioconductor.org/packages/3.20/bioc/html/Rtreemix.html","3.16"
"synapter","https://bioconductor.org/packages/3.20/bioc/html/synapter.html","3.16"
"zlibbioc","https://bioconductor.org/packages/3.21/bioc/html/zlibbioc.html","3.16"
"AneuFinder","https://bioconductor.org/packages/3.20/bioc/html/AneuFinder.html","3.16"
"BEARscc","https://bioconductor.org/packages/3.19/bioc/html/BEARscc.html","3.16"
"CBEA","https://bioconductor.org/packages/3.20/bioc/html/CBEA.html","3.16"
"chromstaR","https://bioconductor.org/packages/3.20/bioc/html/chromstaR.html","3.16"
"coMET","https://bioconductor.org/packages/3.18/bioc/html/coMET.html","3.16"
"crossmeta","https://bioconductor.org/packages/3.19/bioc/html/crossmeta.html","3.16"
"dce","https://bioconductor.org/packages/3.20/bioc/html/dce.html","3.16"
"DeProViR","https://bioconductor.org/packages/3.19/bioc/html/DeProViR.html","3.16"
"DIAlignR","https://bioconductor.org/packages/3.19/bioc/html/DIAlignR.html","3.16"
"GeneGeneInteR","https://bioconductor.org/packages/3.20/bioc/html/GeneGeneInteR.html","3.16"
"genoCN","https://bioconductor.org/packages/3.20/bioc/html/genoCN.html","3.16"
"gespeR","https://bioconductor.org/packages/3.19/bioc/html/gespeR.html","3.16"
"GraphPAC","https://bioconductor.org/packages/3.19/bioc/html/GraphPAC.html","3.16"
"HTSeqGenie","https://bioconductor.org/packages/3.19/bioc/html/HTSeqGenie.html","3.16"
"iPAC","https://bioconductor.org/packages/3.19/bioc/html/iPAC.html","3.16"
"MAGeCKFlute","https://bioconductor.org/packages/3.20/bioc/html/MAGeCKFlute.html","3.16"
"netDx","https://bioconductor.org/packages/3.17/bioc/html/netDx.html","3.16"
"NeuCA","https://bioconductor.org/packages/3.19/bioc/html/NeuCA.html","3.16"
"PanViz","https://bioconductor.org/packages/3.19/bioc/html/PanViz.html","3.16"
"pareg","https://bioconductor.org/packages/3.19/bioc/html/pareg.html","3.16"
"paxtoolsr","https://bioconductor.org/packages/3.19/bioc/html/paxtoolsr.html","3.16"
"PICS","https://bioconductor.org/packages/3.20/bioc/html/PICS.html","3.16"
"PING","https://bioconductor.org/packages/3.20/bioc/html/PING.html","3.16"
"QuartPAC","https://bioconductor.org/packages/3.19/bioc/html/QuartPAC.html","3.16"
"ReactomeContentService4R","https://bioconductor.org/packages/3.19/bioc/html/ReactomeContentService4R.html","3.16"
"RGMQL","https://bioconductor.org/packages/3.16/bioc/html/RGMQL.html","3.16"
"SpacePAC","https://bioconductor.org/packages/3.19/bioc/html/SpacePAC.html","3.16"
"staRank","https://bioconductor.org/packages/3.19/bioc/html/staRank.html","3.16"
"STdeconvolve","https://bioconductor.org/packages/3.19/bioc/html/STdeconvolve.html","3.16"
"supraHex","https://bioconductor.org/packages/3.19/bioc/html/supraHex.html","3.16"
"trigger","https://bioconductor.org/packages/3.20/bioc/html/trigger.html","3.16"
"TypeInfo","https://bioconductor.org/packages/3.19/bioc/html/TypeInfo.html","3.16"
"BiocOncoTK","https://bioconductor.org/packages/3.17/bioc/html/BiocOncoTK.html","3.16"
"psygenet2r","https://bioconductor.org/packages/3.18/bioc/html/psygenet2r.html","3.16"
"rDGIdb","https://bioconductor.org/packages/3.17/bioc/html/rDGIdb.html","3.16"
"RNAinteract","https://bioconductor.org/packages/3.19/bioc/html/RNAinteract.html","3.16"
"ATACCoGAPS","https://bioconductor.org/packages/3.18/bioc/html/ATACCoGAPS.html","3.16"
"biodbExpasy","https://bioconductor.org/packages/3.18/bioc/html/biodbExpasy.html","3.16"
"biodbKegg","https://bioconductor.org/packages/3.18/bioc/html/biodbKegg.html","3.16"
"brainflowprobes","https://bioconductor.org/packages/3.18/bioc/html/brainflowprobes.html","3.16"
"BRGenomics","https://bioconductor.org/packages/3.16/bioc/html/BRGenomics.html","3.16"
"CellaRepertorium","https://bioconductor.org/packages/3.18/bioc/html/CellaRepertorium.html","3.16"
"microbiomeMarker","https://bioconductor.org/packages/3.18/bioc/html/microbiomeMarker.html","3.16"
"MQmetrics","https://bioconductor.org/packages/3.17/bioc/html/MQmetrics.html","3.16"
"nanotatoR","https://bioconductor.org/packages/3.18/bioc/html/nanotatoR.html","3.16"
"netOmics","https://bioconductor.org/packages/3.17/bioc/html/netOmics.html","3.16"
"Pi","https://bioconductor.org/packages/3.17/bioc/html/Pi.html","3.16"
"polyester","https://bioconductor.org/packages/3.18/bioc/html/polyester.html","3.16"
"RandomWalkRestartMH","https://bioconductor.org/packages/3.17/bioc/html/RandomWalkRestartMH.html","3.16"
"Risa","https://bioconductor.org/packages/3.18/bioc/html/Risa.html","3.16"
"single","https://bioconductor.org/packages/3.17/bioc/html/single.html","3.16"
"SummarizedBenchmark","https://bioconductor.org/packages/3.17/bioc/html/SummarizedBenchmark.html","3.16"
"CancerInSilico","https://bioconductor.org/packages/3.16/bioc/html/CancerInSilico.html","3.16"
"cellHTS2","https://bioconductor.org/packages/3.18/bioc/html/cellHTS2.html","3.16"
"CNVgears","https://bioconductor.org/packages/3.18/bioc/html/CNVgears.html","3.16"
"compartmap","https://bioconductor.org/packages/3.16/bioc/html/compartmap.html","3.16"
"ensemblVEP","https://bioconductor.org/packages/3.15/bioc/html/ensemblVEP.html","3.16"
"HumanTranscriptomeCompendium","https://bioconductor.org/packages/3.17/bioc/html/HumanTranscriptomeCompendium.html","3.16"
"maigesPack","https://bioconductor.org/packages/3.16/bioc/html/maigesPack.html","3.16"
"MMAPPR2","https://bioconductor.org/packages/3.15/bioc/html/MMAPPR2.html","3.16"
"openPrimeRui","https://bioconductor.org/packages/3.18/bioc/html/openPrimeRui.html","3.16"
"pwOmics","https://bioconductor.org/packages/3.16/bioc/html/pwOmics.html","3.16"
"restfulSE","https://bioconductor.org/packages/3.15/bioc/html/restfulSE.html","3.16"
"beadarraySNP","https://bioconductor.org/packages/3.18/bioc/html/beadarraySNP.html","3.16"
"BDMMAcorrect","https://bioconductor.org/packages/3.16/bioc/html/BDMMAcorrect.html","3.16"
"BHC","https://bioconductor.org/packages/3.16/bioc/html/BHC.html","3.16"
"biodbLipidmaps","https://bioconductor.org/packages/3.17/bioc/html/biodbLipidmaps.html","3.16"
"BioNetStat","https://bioconductor.org/packages/3.17/bioc/html/BioNetStat.html","3.16"
"CancerSubtypes","https://bioconductor.org/packages/3.16/bioc/html/CancerSubtypes.html","3.16"
"cliqueMS","https://bioconductor.org/packages/3.17/bioc/html/cliqueMS.html","3.16"
"contiBAIT","https://bioconductor.org/packages/3.18/bioc/html/contiBAIT.html","3.16"
"CoRegNet","https://bioconductor.org/packages/3.16/bioc/html/CoRegNet.html","3.16"
"CORREP","https://bioconductor.org/packages/3.18/bioc/html/CORREP.html","3.16"
"crisprseekplus","https://bioconductor.org/packages/3.16/bioc/html/crisprseekplus.html","3.16"
"DNABarcodes","https://bioconductor.org/packages/3.16/bioc/html/DNABarcodes.html","3.16"
"dpeak","https://bioconductor.org/packages/3.16/bioc/html/dpeak.html","3.16"
"EBSeqHMM","https://bioconductor.org/packages/3.17/bioc/html/EBSeqHMM.html","3.16"
"eegc","https://bioconductor.org/packages/3.16/bioc/html/eegc.html","3.16"
"enrichTF","https://bioconductor.org/packages/3.16/bioc/html/enrichTF.html","3.16"
"exomePeak2","https://bioconductor.org/packages/3.16/bioc/html/exomePeak2.html","3.16"
"farms","https://bioconductor.org/packages/3.16/bioc/html/farms.html","3.16"
"FCBF","https://bioconductor.org/packages/3.16/bioc/html/FCBF.html","3.16"
"flowMap","https://bioconductor.org/packages/3.16/bioc/html/flowMap.html","3.16"
"FoldGO","https://bioconductor.org/packages/3.16/bioc/html/FoldGO.html","3.16"
"FScanR","https://bioconductor.org/packages/3.18/bioc/html/FScanR.html","3.16"
"FunChIP","https://bioconductor.org/packages/3.18/bioc/html/FunChIP.html","3.16"
"GOSim","https://bioconductor.org/packages/3.18/bioc/html/GOSim.html","3.16"
"ImmuneSpaceR","https://bioconductor.org/packages/3.17/bioc/html/ImmuneSpaceR.html","3.16"
"InterMineR","https://bioconductor.org/packages/3.18/bioc/html/InterMineR.html","3.16"
"IntOMICS","https://bioconductor.org/packages/3.17/bioc/html/IntOMICS.html","3.16"
"IRISFGM","https://bioconductor.org/packages/3.16/bioc/html/IRISFGM.html","3.16"
"iterClust","https://bioconductor.org/packages/3.18/bioc/html/iterClust.html","3.16"
"metagene","https://bioconductor.org/packages/3.16/bioc/html/metagene.html","3.16"
"MetaVolcanoR","https://bioconductor.org/packages/3.18/bioc/html/MetaVolcanoR.html","3.16"
"miRmine","https://bioconductor.org/packages/3.18/bioc/html/miRmine.html","3.16"
"MobilityTransformR","https://bioconductor.org/packages/3.18/bioc/html/MobilityTransformR.html","3.16"
"multiOmicsViz","https://bioconductor.org/packages/3.16/bioc/html/multiOmicsViz.html","3.16"
"NeighborNet","https://bioconductor.org/packages/3.16/bioc/html/NeighborNet.html","3.16"
"oneSENSE","https://bioconductor.org/packages/3.12/bioc/html/oneSENSE.html","3.16"
"pathVar","https://bioconductor.org/packages/3.16/bioc/html/pathVar.html","3.16"
"pcxn","https://bioconductor.org/packages/3.18/bioc/html/pcxn.html","3.16"
"PERFect","https://bioconductor.org/packages/3.16/bioc/html/PERFect.html","3.16"
"phemd","https://bioconductor.org/packages/3.17/bioc/html/phemd.html","3.16"
"PloGO2","https://bioconductor.org/packages/3.16/bioc/html/PloGO2.html","3.16"
"proteasy","https://bioconductor.org/packages/3.16/bioc/html/proteasy.html","3.16"
"PSEA","https://bioconductor.org/packages/3.18/bioc/html/PSEA.html","3.16"
"RefPlus","https://bioconductor.org/packages/3.16/bioc/html/RefPlus.html","3.16"
"ReQON","https://bioconductor.org/packages/3.16/bioc/html/ReQON.html","3.16"
"RIPAT","https://bioconductor.org/packages/3.16/bioc/html/RIPAT.html","3.16"
"RLSeq","https://bioconductor.org/packages/3.16/bioc/html/RLSeq.html","3.16"
"SimBindProfiles","https://bioconductor.org/packages/3.18/bioc/html/SimBindProfiles.html","3.16"
"SMAP","https://bioconductor.org/packages/3.18/bioc/html/SMAP.html","3.16"
"sparseDOSSA","https://bioconductor.org/packages/3.16/bioc/html/sparseDOSSA.html","3.16"
"SpidermiR","https://bioconductor.org/packages/3.17/bioc/html/SpidermiR.html","3.16"
"SQUADD","https://bioconductor.org/packages/3.18/bioc/html/SQUADD.html","3.16"
"StarBioTrek","https://bioconductor.org/packages/3.17/bioc/html/StarBioTrek.html","3.16"
"STROMA4","https://bioconductor.org/packages/3.16/bioc/html/STROMA4.html","3.16"
"TimiRGeN","https://bioconductor.org/packages/3.16/bioc/html/TimiRGeN.html","3.16"
"TNBC.CMS","https://bioconductor.org/packages/3.18/bioc/html/TNBC.CMS.html","3.16"
"MMAPPR2data","https://bioconductor.org/packages/3.19/data/experiment/html/MMAPPR2data.html","3.16"
"pcxnData","https://bioconductor.org/packages/3.18/data/experiment/html/pcxnData.html","3.16"
"restfulSEData","https://bioconductor.org/packages/3.19/data/experiment/html/restfulSEData.html","3.16"
"RLHub","https://bioconductor.org/packages/3.16/data/experiment/html/RLHub.html","3.16"
"BGmix","https://bioconductor.org/packages/3.16/bioc/html/BGmix.html","3.16"
"bigPint","https://bioconductor.org/packages/3.16/bioc/html/bigPint.html","3.16"
"biodbMirbase","https://bioconductor.org/packages/3.17/bioc/html/biodbMirbase.html","3.16"
"BioMM","https://bioconductor.org/packages/3.16/bioc/html/BioMM.html","3.16"
"Clonality","https://bioconductor.org/packages/3.16/bioc/html/Clonality.html","3.16"
"COHCAP","https://bioconductor.org/packages/3.18/bioc/html/COHCAP.html","3.16"
"CSSP","https://bioconductor.org/packages/3.16/bioc/html/CSSP.html","3.16"
"deco","https://bioconductor.org/packages/3.16/bioc/html/deco.html","3.16"
"DeepBlueR","https://bioconductor.org/packages/3.17/bioc/html/DeepBlueR.html","3.16"
"DMRforPairs","https://bioconductor.org/packages/3.16/bioc/html/DMRforPairs.html","3.16"
"exomeCopy","https://bioconductor.org/packages/3.18/bioc/html/exomeCopy.html","3.16"
"fcoex","https://bioconductor.org/packages/3.16/bioc/html/fcoex.html","3.16"
"gaggle","https://bioconductor.org/packages/3.18/bioc/html/gaggle.html","3.16"
"GCSscore","https://bioconductor.org/packages/3.17/bioc/html/GCSscore.html","3.16"
"genbankr","https://bioconductor.org/packages/3.16/bioc/html/genbankr.html","3.16"
"GISPA","https://bioconductor.org/packages/3.18/bioc/html/GISPA.html","3.16"
"GOsummaries","https://bioconductor.org/packages/3.18/bioc/html/GOsummaries.html","3.16"
"GRridge","https://bioconductor.org/packages/3.16/bioc/html/GRridge.html","3.16"
"HPAStainR","https://bioconductor.org/packages/3.16/bioc/html/HPAStainR.html","3.16"
"imageHTS","https://bioconductor.org/packages/3.16/bioc/html/imageHTS.html","3.16"
"IntOMICS","https://bioconductor.org/packages/3.17/bioc/html/IntOMICS.html","3.16"
"LineagePulse","https://bioconductor.org/packages/3.18/bioc/html/LineagePulse.html","3.16"
"logitT","https://bioconductor.org/packages/3.17/bioc/html/logitT.html","3.16"
"LowMACA","https://bioconductor.org/packages/3.15/bioc/html/LowMACA.html","3.16"
"LPEadj","https://bioconductor.org/packages/3.18/bioc/html/LPEadj.html","3.16"
"macat","https://bioconductor.org/packages/3.18/bioc/html/macat.html","3.16"
"mAPKL","https://bioconductor.org/packages/3.16/bioc/html/mAPKL.html","3.16"
"mbOmic","https://bioconductor.org/packages/3.16/bioc/html/mbOmic.html","3.16"
"Metab","https://bioconductor.org/packages/3.16/bioc/html/Metab.html","3.16"
"MSstatsSampleSize","https://bioconductor.org/packages/3.16/bioc/html/MSstatsSampleSize.html","3.16"
"multiSight","https://bioconductor.org/packages/3.16/bioc/html/multiSight.html","3.16"
"netbiov","https://bioconductor.org/packages/3.16/bioc/html/netbiov.html","3.16"
"OmicsLonDA","https://bioconductor.org/packages/3.16/bioc/html/OmicsLonDA.html","3.16"
"PFP","https://bioconductor.org/packages/3.16/bioc/html/PFP.html","3.16"
"plethy","https://bioconductor.org/packages/3.16/bioc/html/plethy.html","3.16"
"pwrEWAS","https://bioconductor.org/packages/3.16/bioc/html/pwrEWAS.html","3.16"
"qrqc","https://bioconductor.org/packages/3.16/bioc/html/qrqc.html","3.16"
"Ringo","https://bioconductor.org/packages/3.18/bioc/html/Ringo.html","3.16"
"SCATE","https://bioconductor.org/packages/3.16/bioc/html/SCATE.html","3.16"
"SEPIRA","https://bioconductor.org/packages/3.17/bioc/html/SEPIRA.html","3.16"
"seqbias","https://bioconductor.org/packages/3.15/bioc/html/seqbias.html","3.16"
"seqCNA","https://bioconductor.org/packages/3.18/bioc/html/seqCNA.html","3.16"
"SISPA","https://bioconductor.org/packages/3.17/bioc/html/SISPA.html","3.16"
"snapCGH","https://bioconductor.org/packages/3.17/bioc/html/snapCGH.html","3.16"
"sscore","https://bioconductor.org/packages/3.17/bioc/html/sscore.html","3.16"
"Travel","https://bioconductor.org/packages/3.15/bioc/html/Travel.html","3.16"
"trena","https://bioconductor.org/packages/3.17/bioc/html/trena.html","3.16"
"alpine","https://bioconductor.org/packages/3.17/bioc/html/alpine.html","3.16"
"ArrayExpressHTS","https://bioconductor.org/packages/3.15/bioc/html/ArrayExpressHTS.html","3.16"
"ASpediaFI","https://bioconductor.org/packages/3.16/bioc/html/ASpediaFI.html","3.16"
"BiocDockerManager","https://bioconductor.org/packages/3.16/bioc/html/BiocDockerManager.html","3.16"
"ChIC","https://bioconductor.org/packages/3.16/bioc/html/ChIC.html","3.16"
"chromswitch","https://bioconductor.org/packages/3.17/bioc/html/chromswitch.html","3.16"
"copynumber","https://bioconductor.org/packages/3.14/bioc/html/copynumber.html","3.16"
"CopywriteR","https://bioconductor.org/packages/3.16/bioc/html/CopywriteR.html","3.16"
"dasper","https://bioconductor.org/packages/3.15/bioc/html/dasper.html","3.16"
"epihet","https://bioconductor.org/packages/3.16/bioc/html/epihet.html","3.16"
"GAPGOM","https://bioconductor.org/packages/3.14/bioc/html/GAPGOM.html","3.16"
"GeneAccord","https://bioconductor.org/packages/3.16/bioc/html/GeneAccord.html","3.16"
"genotypeeval","https://bioconductor.org/packages/3.16/bioc/html/genotypeeval.html","3.16"
"maanova","https://bioconductor.org/packages/3.16/bioc/html/maanova.html","3.16"
"metavizr","https://bioconductor.org/packages/3.15/bioc/html/metavizr.html","3.16"
"MethCP","https://bioconductor.org/packages/3.16/bioc/html/MethCP.html","3.16"
"MIGSA","https://bioconductor.org/packages/3.16/bioc/html/MIGSA.html","3.16"
"MIMOSA","https://bioconductor.org/packages/3.16/bioc/html/MIMOSA.html","3.16"
"NanoStringQCPro","https://bioconductor.org/packages/3.16/bioc/html/NanoStringQCPro.html","3.16"
"NBSplice","https://bioconductor.org/packages/3.16/bioc/html/NBSplice.html","3.16"
"netboxr","https://bioconductor.org/packages/3.16/bioc/html/netboxr.html","3.16"
"NxtIRFcore","https://bioconductor.org/packages/3.17/bioc/html/NxtIRFcore.html","3.16"
"ODER","https://bioconductor.org/packages/3.15/bioc/html/ODER.html","3.16"
"pkgDepTools","https://bioconductor.org/packages/3.16/bioc/html/pkgDepTools.html","3.16"
"PrecisionTrialDrawer","https://bioconductor.org/packages/3.15/bioc/html/PrecisionTrialDrawer.html","3.16"
"proBatch","https://bioconductor.org/packages/3.16/bioc/html/proBatch.html","3.16"
"proFIA","https://bioconductor.org/packages/3.16/bioc/html/proFIA.html","3.16"
"pulsedSilac","https://bioconductor.org/packages/3.15/bioc/html/pulsedSilac.html","3.16"
"savR","https://bioconductor.org/packages/3.16/bioc/html/savR.html","3.16"
"sigPathway","https://bioconductor.org/packages/3.16/bioc/html/sigPathway.html","3.16"
"STAN","https://bioconductor.org/packages/3.16/bioc/html/STAN.html","3.16"
"TarSeqQC","https://bioconductor.org/packages/3.16/bioc/html/TarSeqQC.html","3.16"
"tscR","https://bioconductor.org/packages/3.16/bioc/html/tscR.html","3.16"
"alpineData","https://bioconductor.org/packages/3.17/data/experiment/html/alpineData.html","3.16"
"plasFIA","https://bioconductor.org/packages/3.16/data/experiment/html/plasFIA.html","3.16"
"AffyCompatible","https://bioconductor.org/packages/3.16/bioc/html/AffyCompatible.html","3.16"
"BAC","https://bioconductor.org/packages/3.16/bioc/html/BAC.html","3.16"
"BitSeq","https://bioconductor.org/packages/3.15/bioc/html/BitSeq.html","3.16"
"BrainSABER","https://bioconductor.org/packages/3.16/bioc/html/BrainSABER.html","3.16"
"bridge","https://bioconductor.org/packages/3.15/bioc/html/bridge.html","3.16"
"cellTree","https://bioconductor.org/packages/3.16/bioc/html/cellTree.html","3.16"
"ctgGEM","https://bioconductor.org/packages/3.15/bioc/html/ctgGEM.html","3.16"
"coexnet","https://bioconductor.org/packages/3.16/bioc/html/coexnet.html","3.16"
"conclus","https://bioconductor.org/packages/3.16/bioc/html/conclus.html","3.16"
"CytoTree","https://bioconductor.org/packages/3.14/bioc/html/CytoTree.html","3.16"
"DEComplexDisease","https://bioconductor.org/packages/3.16/bioc/html/DEComplexDisease.html","3.16"
"flowUtils","https://bioconductor.org/packages/3.15/bioc/html/flowUtils.html","3.16"
"flowCL","https://bioconductor.org/packages/3.16/bioc/html/flowCL.html","3.16"
"gaia","https://bioconductor.org/packages/3.15/bioc/html/gaia.html","3.16"
"gpart","https://bioconductor.org/packages/3.14/bioc/html/gpart.html","3.16"
"inveRsion","https://bioconductor.org/packages/3.14/bioc/html/inveRsion.html","3.16"
"IsoGeneGUI","https://bioconductor.org/packages/3.15/bioc/html/IsoGeneGUI.html","3.16"
"iteremoval","https://bioconductor.org/packages/3.14/bioc/html/iteremoval.html","3.16"
"MACPET","https://bioconductor.org/packages/3.14/bioc/html/MACPET.html","3.16"
"PoTRA","https://bioconductor.org/packages/3.15/bioc/html/PoTRA.html","3.16"
"rama","https://bioconductor.org/packages/3.16/bioc/html/rama.html","3.16"
"Rcade","https://bioconductor.org/packages/3.14/bioc/html/Rcade.html","3.16"
"RNASeqR","https://bioconductor.org/packages/3.16/bioc/html/RNASeqR.html","3.16"
"scAlign","https://bioconductor.org/packages/3.16/bioc/html/scAlign.html","3.16"
"scMAGeCK","https://bioconductor.org/packages/3.15/bioc/html/scMAGeCK.html","3.16"
"sojourner","https://bioconductor.org/packages/3.15/bioc/html/sojourner.html","3.16"
"TCGAbiolinksGUI","https://bioconductor.org/packages/3.15/bioc/html/TCGAbiolinksGUI.html","3.16"
"TDARACNE","https://bioconductor.org/packages/3.16/bioc/html/TDARACNE.html","3.16"
"TimeSeriesExperiment","https://bioconductor.org/packages/3.14/bioc/html/TimeSeriesExperiment.html","3.16"
"TraRe","https://bioconductor.org/packages/3.16/bioc/html/TraRe.html","3.16"
"tspair","https://bioconductor.org/packages/3.15/bioc/html/tspair.html","3.16"
"XCIR","https://bioconductor.org/packages/3.13/bioc/html/XCIR.html","3.16"
"gatingMLData","https://bioconductor.org/packages/3.16/data/experiment/html/gatingMLData.html","3.16"
"RNASeqRData","https://bioconductor.org/packages/3.16/data/experiment/html/RNASeqRData.html","3.16"
"CancerInSilico","https://bioconductor.org/packages/3.16/bioc/html/CancerInSilico.html","3.15"
"cellHTS2","https://bioconductor.org/packages/3.18/bioc/html/cellHTS2.html","3.15"
"CNVgears","https://bioconductor.org/packages/3.18/bioc/html/CNVgears.html","3.15"
"compartmap","https://bioconductor.org/packages/3.16/bioc/html/compartmap.html","3.15"
"ensemblVEP","https://bioconductor.org/packages/3.15/bioc/html/ensemblVEP.html","3.15"
"HumanTranscriptomeCompendium","https://bioconductor.org/packages/3.17/bioc/html/HumanTranscriptomeCompendium.html","3.15"
"maigesPack","https://bioconductor.org/packages/3.16/bioc/html/maigesPack.html","3.15"
"MMAPPR2","https://bioconductor.org/packages/3.15/bioc/html/MMAPPR2.html","3.15"
"openPrimeRui","https://bioconductor.org/packages/3.18/bioc/html/openPrimeRui.html","3.15"
"pwOmics","https://bioconductor.org/packages/3.16/bioc/html/pwOmics.html","3.15"
"restfulSE","https://bioconductor.org/packages/3.15/bioc/html/restfulSE.html","3.15"
"beadarraySNP","https://bioconductor.org/packages/3.18/bioc/html/beadarraySNP.html","3.15"
"BDMMAcorrect","https://bioconductor.org/packages/3.16/bioc/html/BDMMAcorrect.html","3.15"
"BHC","https://bioconductor.org/packages/3.16/bioc/html/BHC.html","3.15"
"biodbLipidmaps","https://bioconductor.org/packages/3.17/bioc/html/biodbLipidmaps.html","3.15"
"BioNetStat","https://bioconductor.org/packages/3.17/bioc/html/BioNetStat.html","3.15"
"CancerSubtypes","https://bioconductor.org/packages/3.16/bioc/html/CancerSubtypes.html","3.15"
"cliqueMS","https://bioconductor.org/packages/3.17/bioc/html/cliqueMS.html","3.15"
"contiBAIT","https://bioconductor.org/packages/3.18/bioc/html/contiBAIT.html","3.15"
"CoRegNet","https://bioconductor.org/packages/3.16/bioc/html/CoRegNet.html","3.15"
"CORREP","https://bioconductor.org/packages/3.18/bioc/html/CORREP.html","3.15"
"crisprseekplus","https://bioconductor.org/packages/3.16/bioc/html/crisprseekplus.html","3.15"
"DNABarcodes","https://bioconductor.org/packages/3.16/bioc/html/DNABarcodes.html","3.15"
"dpeak","https://bioconductor.org/packages/3.16/bioc/html/dpeak.html","3.15"
"EBSeqHMM","https://bioconductor.org/packages/3.17/bioc/html/EBSeqHMM.html","3.15"
"eegc","https://bioconductor.org/packages/3.16/bioc/html/eegc.html","3.15"
"enrichTF","https://bioconductor.org/packages/3.16/bioc/html/enrichTF.html","3.15"
"exomePeak2","https://bioconductor.org/packages/3.16/bioc/html/exomePeak2.html","3.15"
"farms","https://bioconductor.org/packages/3.16/bioc/html/farms.html","3.15"
"FCBF","https://bioconductor.org/packages/3.16/bioc/html/FCBF.html","3.15"
"flowMap","https://bioconductor.org/packages/3.16/bioc/html/flowMap.html","3.15"
"FoldGO","https://bioconductor.org/packages/3.16/bioc/html/FoldGO.html","3.15"
"FScanR","https://bioconductor.org/packages/3.18/bioc/html/FScanR.html","3.15"
"FunChIP","https://bioconductor.org/packages/3.18/bioc/html/FunChIP.html","3.15"
"GOSim","https://bioconductor.org/packages/3.18/bioc/html/GOSim.html","3.15"
"ImmuneSpaceR","https://bioconductor.org/packages/3.17/bioc/html/ImmuneSpaceR.html","3.15"
"InterMineR","https://bioconductor.org/packages/3.18/bioc/html/InterMineR.html","3.15"
"IntOMICS","https://bioconductor.org/packages/3.17/bioc/html/IntOMICS.html","3.15"
"IRISFGM","https://bioconductor.org/packages/3.16/bioc/html/IRISFGM.html","3.15"
"iterClust","https://bioconductor.org/packages/3.18/bioc/html/iterClust.html","3.15"
"metagene","https://bioconductor.org/packages/3.16/bioc/html/metagene.html","3.15"
"MetaVolcanoR","https://bioconductor.org/packages/3.18/bioc/html/MetaVolcanoR.html","3.15"
"miRmine","https://bioconductor.org/packages/3.18/bioc/html/miRmine.html","3.15"
"MobilityTransformR","https://bioconductor.org/packages/3.18/bioc/html/MobilityTransformR.html","3.15"
"multiOmicsViz","https://bioconductor.org/packages/3.16/bioc/html/multiOmicsViz.html","3.15"
"NeighborNet","https://bioconductor.org/packages/3.16/bioc/html/NeighborNet.html","3.15"
"oneSENSE","https://bioconductor.org/packages/3.12/bioc/html/oneSENSE.html","3.15"
"pathVar","https://bioconductor.org/packages/3.16/bioc/html/pathVar.html","3.15"
"pcxn","https://bioconductor.org/packages/3.18/bioc/html/pcxn.html","3.15"
"PERFect","https://bioconductor.org/packages/3.16/bioc/html/PERFect.html","3.15"
"phemd","https://bioconductor.org/packages/3.17/bioc/html/phemd.html","3.15"
"PloGO2","https://bioconductor.org/packages/3.16/bioc/html/PloGO2.html","3.15"
"proteasy","https://bioconductor.org/packages/3.16/bioc/html/proteasy.html","3.15"
"PSEA","https://bioconductor.org/packages/3.18/bioc/html/PSEA.html","3.15"
"RefPlus","https://bioconductor.org/packages/3.16/bioc/html/RefPlus.html","3.15"
"ReQON","https://bioconductor.org/packages/3.16/bioc/html/ReQON.html","3.15"
"RIPAT","https://bioconductor.org/packages/3.16/bioc/html/RIPAT.html","3.15"
"RLSeq","https://bioconductor.org/packages/3.16/bioc/html/RLSeq.html","3.15"
"SimBindProfiles","https://bioconductor.org/packages/3.18/bioc/html/SimBindProfiles.html","3.15"
"SMAP","https://bioconductor.org/packages/3.18/bioc/html/SMAP.html","3.15"
"sparseDOSSA","https://bioconductor.org/packages/3.16/bioc/html/sparseDOSSA.html","3.15"
"SpidermiR","https://bioconductor.org/packages/3.17/bioc/html/SpidermiR.html","3.15"
"SQUADD","https://bioconductor.org/packages/3.18/bioc/html/SQUADD.html","3.15"
"StarBioTrek","https://bioconductor.org/packages/3.17/bioc/html/StarBioTrek.html","3.15"
"STROMA4","https://bioconductor.org/packages/3.16/bioc/html/STROMA4.html","3.15"
"TimiRGeN","https://bioconductor.org/packages/3.16/bioc/html/TimiRGeN.html","3.15"
"TNBC.CMS","https://bioconductor.org/packages/3.18/bioc/html/TNBC.CMS.html","3.15"
"BGmix","https://bioconductor.org/packages/3.16/bioc/html/BGmix.html","3.15"
"bigPint","https://bioconductor.org/packages/3.16/bioc/html/bigPint.html","3.15"
"biodbMirbase","https://bioconductor.org/packages/3.17/bioc/html/biodbMirbase.html","3.15"
"BioMM","https://bioconductor.org/packages/3.16/bioc/html/BioMM.html","3.15"
"Clonality","https://bioconductor.org/packages/3.16/bioc/html/Clonality.html","3.15"
"COHCAP","https://bioconductor.org/packages/3.18/bioc/html/COHCAP.html","3.15"
"CSSP","https://bioconductor.org/packages/3.16/bioc/html/CSSP.html","3.15"
"deco","https://bioconductor.org/packages/3.16/bioc/html/deco.html","3.15"
"DeepBlueR","https://bioconductor.org/packages/3.17/bioc/html/DeepBlueR.html","3.15"
"DMRforPairs","https://bioconductor.org/packages/3.16/bioc/html/DMRforPairs.html","3.15"
"exomeCopy","https://bioconductor.org/packages/3.18/bioc/html/exomeCopy.html","3.15"
"fcoex","https://bioconductor.org/packages/3.16/bioc/html/fcoex.html","3.15"
"gaggle","https://bioconductor.org/packages/3.18/bioc/html/gaggle.html","3.15"
"GCSscore","https://bioconductor.org/packages/3.17/bioc/html/GCSscore.html","3.15"
"genbankr","https://bioconductor.org/packages/3.16/bioc/html/genbankr.html","3.15"
"GISPA","https://bioconductor.org/packages/3.18/bioc/html/GISPA.html","3.15"
"GOsummaries","https://bioconductor.org/packages/3.18/bioc/html/GOsummaries.html","3.15"
"GRridge","https://bioconductor.org/packages/3.16/bioc/html/GRridge.html","3.15"
"HPAStainR","https://bioconductor.org/packages/3.16/bioc/html/HPAStainR.html","3.15"
"imageHTS","https://bioconductor.org/packages/3.16/bioc/html/imageHTS.html","3.15"
"IntOMICS","https://bioconductor.org/packages/3.17/bioc/html/IntOMICS.html","3.15"
"LineagePulse","https://bioconductor.org/packages/3.18/bioc/html/LineagePulse.html","3.15"
"logitT","https://bioconductor.org/packages/3.17/bioc/html/logitT.html","3.15"
"LowMACA","https://bioconductor.org/packages/3.15/bioc/html/LowMACA.html","3.15"
"LPEadj","https://bioconductor.org/packages/3.18/bioc/html/LPEadj.html","3.15"
"macat","https://bioconductor.org/packages/3.18/bioc/html/macat.html","3.15"
"mAPKL","https://bioconductor.org/packages/3.16/bioc/html/mAPKL.html","3.15"
"mbOmic","https://bioconductor.org/packages/3.16/bioc/html/mbOmic.html","3.15"
"Metab","https://bioconductor.org/packages/3.16/bioc/html/Metab.html","3.15"
"MSstatsSampleSize","https://bioconductor.org/packages/3.16/bioc/html/MSstatsSampleSize.html","3.15"
"multiSight","https://bioconductor.org/packages/3.16/bioc/html/multiSight.html","3.15"
"netbiov","https://bioconductor.org/packages/3.16/bioc/html/netbiov.html","3.15"
"OmicsLonDA","https://bioconductor.org/packages/3.16/bioc/html/OmicsLonDA.html","3.15"
"PFP","https://bioconductor.org/packages/3.16/bioc/html/PFP.html","3.15"
"plethy","https://bioconductor.org/packages/3.16/bioc/html/plethy.html","3.15"
"pwrEWAS","https://bioconductor.org/packages/3.16/bioc/html/pwrEWAS.html","3.15"
"qrqc","https://bioconductor.org/packages/3.16/bioc/html/qrqc.html","3.15"
"Ringo","https://bioconductor.org/packages/3.18/bioc/html/Ringo.html","3.15"
"SCATE","https://bioconductor.org/packages/3.16/bioc/html/SCATE.html","3.15"
"SEPIRA","https://bioconductor.org/packages/3.17/bioc/html/SEPIRA.html","3.15"
"seqbias","https://bioconductor.org/packages/3.15/bioc/html/seqbias.html","3.15"
"seqCNA","https://bioconductor.org/packages/3.18/bioc/html/seqCNA.html","3.15"
"SISPA","https://bioconductor.org/packages/3.17/bioc/html/SISPA.html","3.15"
"snapCGH","https://bioconductor.org/packages/3.17/bioc/html/snapCGH.html","3.15"
"sscore","https://bioconductor.org/packages/3.17/bioc/html/sscore.html","3.15"
"Travel","https://bioconductor.org/packages/3.15/bioc/html/Travel.html","3.15"
"trena","https://bioconductor.org/packages/3.17/bioc/html/trena.html","3.15"
"alpine","https://bioconductor.org/packages/3.17/bioc/html/alpine.html","3.15"
"ArrayExpressHTS","https://bioconductor.org/packages/3.15/bioc/html/ArrayExpressHTS.html","3.15"
"ASpediaFI","https://bioconductor.org/packages/3.16/bioc/html/ASpediaFI.html","3.15"
"BiocDockerManager","https://bioconductor.org/packages/3.16/bioc/html/BiocDockerManager.html","3.15"
"ChIC","https://bioconductor.org/packages/3.16/bioc/html/ChIC.html","3.15"
"chromswitch","https://bioconductor.org/packages/3.17/bioc/html/chromswitch.html","3.15"
"copynumber","https://bioconductor.org/packages/3.14/bioc/html/copynumber.html","3.15"
"CopywriteR","https://bioconductor.org/packages/3.16/bioc/html/CopywriteR.html","3.15"
"dasper","https://bioconductor.org/packages/3.15/bioc/html/dasper.html","3.15"
"epihet","https://bioconductor.org/packages/3.16/bioc/html/epihet.html","3.15"
"GAPGOM","https://bioconductor.org/packages/3.14/bioc/html/GAPGOM.html","3.15"
"GeneAccord","https://bioconductor.org/packages/3.16/bioc/html/GeneAccord.html","3.15"
"genotypeeval","https://bioconductor.org/packages/3.16/bioc/html/genotypeeval.html","3.15"
"maanova","https://bioconductor.org/packages/3.16/bioc/html/maanova.html","3.15"
"metavizr","https://bioconductor.org/packages/3.15/bioc/html/metavizr.html","3.15"
"MethCP","https://bioconductor.org/packages/3.16/bioc/html/MethCP.html","3.15"
"MIGSA","https://bioconductor.org/packages/3.16/bioc/html/MIGSA.html","3.15"
"MIMOSA","https://bioconductor.org/packages/3.16/bioc/html/MIMOSA.html","3.15"
"NanoStringQCPro","https://bioconductor.org/packages/3.16/bioc/html/NanoStringQCPro.html","3.15"
"NBSplice","https://bioconductor.org/packages/3.16/bioc/html/NBSplice.html","3.15"
"netboxr","https://bioconductor.org/packages/3.16/bioc/html/netboxr.html","3.15"
"NxtIRFcore","https://bioconductor.org/packages/3.17/bioc/html/NxtIRFcore.html","3.15"
"ODER","https://bioconductor.org/packages/3.15/bioc/html/ODER.html","3.15"
"pkgDepTools","https://bioconductor.org/packages/3.16/bioc/html/pkgDepTools.html","3.15"
"PrecisionTrialDrawer","https://bioconductor.org/packages/3.15/bioc/html/PrecisionTrialDrawer.html","3.15"
"proBatch","https://bioconductor.org/packages/3.16/bioc/html/proBatch.html","3.15"
"proFIA","https://bioconductor.org/packages/3.16/bioc/html/proFIA.html","3.15"
"pulsedSilac","https://bioconductor.org/packages/3.15/bioc/html/pulsedSilac.html","3.15"
"savR","https://bioconductor.org/packages/3.16/bioc/html/savR.html","3.15"
"sigPathway","https://bioconductor.org/packages/3.16/bioc/html/sigPathway.html","3.15"
"STAN","https://bioconductor.org/packages/3.16/bioc/html/STAN.html","3.15"
"TarSeqQC","https://bioconductor.org/packages/3.16/bioc/html/TarSeqQC.html","3.15"
"tscR","https://bioconductor.org/packages/3.16/bioc/html/tscR.html","3.15"
"AffyCompatible","https://bioconductor.org/packages/3.16/bioc/html/AffyCompatible.html","3.15"
"BAC","https://bioconductor.org/packages/3.16/bioc/html/BAC.html","3.15"
"BitSeq","https://bioconductor.org/packages/3.15/bioc/html/BitSeq.html","3.15"
"BrainSABER","https://bioconductor.org/packages/3.16/bioc/html/BrainSABER.html","3.15"
"bridge","https://bioconductor.org/packages/3.15/bioc/html/bridge.html","3.15"
"cellTree","https://bioconductor.org/packages/3.16/bioc/html/cellTree.html","3.15"
"ctgGEM","https://bioconductor.org/packages/3.15/bioc/html/ctgGEM.html","3.15"
"coexnet","https://bioconductor.org/packages/3.16/bioc/html/coexnet.html","3.15"
"conclus","https://bioconductor.org/packages/3.16/bioc/html/conclus.html","3.15"
"CytoTree","https://bioconductor.org/packages/3.14/bioc/html/CytoTree.html","3.15"
"DEComplexDisease","https://bioconductor.org/packages/3.16/bioc/html/DEComplexDisease.html","3.15"
"flowUtils","https://bioconductor.org/packages/3.15/bioc/html/flowUtils.html","3.15"
"flowCL","https://bioconductor.org/packages/3.16/bioc/html/flowCL.html","3.15"
"gaia","https://bioconductor.org/packages/3.15/bioc/html/gaia.html","3.15"
"gpart","https://bioconductor.org/packages/3.14/bioc/html/gpart.html","3.15"
"inveRsion","https://bioconductor.org/packages/3.14/bioc/html/inveRsion.html","3.15"
"IsoGeneGUI","https://bioconductor.org/packages/3.15/bioc/html/IsoGeneGUI.html","3.15"
"iteremoval","https://bioconductor.org/packages/3.14/bioc/html/iteremoval.html","3.15"
"MACPET","https://bioconductor.org/packages/3.14/bioc/html/MACPET.html","3.15"
"PoTRA","https://bioconductor.org/packages/3.15/bioc/html/PoTRA.html","3.15"
"rama","https://bioconductor.org/packages/3.16/bioc/html/rama.html","3.15"
"Rcade","https://bioconductor.org/packages/3.14/bioc/html/Rcade.html","3.15"
"RNASeqR","https://bioconductor.org/packages/3.16/bioc/html/RNASeqR.html","3.15"
"scAlign","https://bioconductor.org/packages/3.16/bioc/html/scAlign.html","3.15"
"scMAGeCK","https://bioconductor.org/packages/3.15/bioc/html/scMAGeCK.html","3.15"
"sojourner","https://bioconductor.org/packages/3.15/bioc/html/sojourner.html","3.15"
"TCGAbiolinksGUI","https://bioconductor.org/packages/3.15/bioc/html/TCGAbiolinksGUI.html","3.15"
"TDARACNE","https://bioconductor.org/packages/3.16/bioc/html/TDARACNE.html","3.15"
"TimeSeriesExperiment","https://bioconductor.org/packages/3.14/bioc/html/TimeSeriesExperiment.html","3.15"
"TraRe","https://bioconductor.org/packages/3.16/bioc/html/TraRe.html","3.15"
"tspair","https://bioconductor.org/packages/3.15/bioc/html/tspair.html","3.15"
"XCIR","https://bioconductor.org/packages/3.13/bioc/html/XCIR.html","3.15"
"MafH5.gnomAD.v3.1.1.GRCh38_3.13.1.tar.gz","https://bioconductor.org/packages/3.15/data/annotation/html/MafH5.gnomAD.v3.1.1.GRCh38_3.13.1.tar.gz","3.15"
"SNPlocs.Hsapiens.dbSNP.20101109","https://bioconductor.org/packages/3.15/data/annotation/html/SNPlocs.Hsapiens.dbSNP.20101109","3.15"
"SNPlocs.Hsapiens.dbSNP.20120608","https://bioconductor.org/packages/3.15/data/annotation/html/SNPlocs.Hsapiens.dbSNP.20120608","3.15"
"SNPlocs.Hsapiens.dbSNP141.GRCh38","https://bioconductor.org/packages/3.15/data/annotation/html/SNPlocs.Hsapiens.dbSNP141.GRCh38","3.15"
"SNPlocs.Hsapiens.dbSNP142.GRCh37","https://bioconductor.org/packages/3.15/data/annotation/html/SNPlocs.Hsapiens.dbSNP142.GRCh37","3.15"
"SNPlocs.Hsapiens.dbSNP151.GRCh38","https://bioconductor.org/packages/3.15/data/annotation/html/SNPlocs.Hsapiens.dbSNP151.GRCh38","3.15"
"XtraSNPlocs.Hsapiens.dbSNP141.GRCh38","https://bioconductor.org/packages/3.15/data/annotation/html/XtraSNPlocs.Hsapiens.dbSNP141.GRCh38","3.15"
"alpine","https://bioconductor.org/packages/3.17/bioc/html/alpine.html","3.14"
"ArrayExpressHTS","https://bioconductor.org/packages/3.15/bioc/html/ArrayExpressHTS.html","3.14"
"ASpediaFI","https://bioconductor.org/packages/3.16/bioc/html/ASpediaFI.html","3.14"
"BiocDockerManager","https://bioconductor.org/packages/3.16/bioc/html/BiocDockerManager.html","3.14"
"ChIC","https://bioconductor.org/packages/3.16/bioc/html/ChIC.html","3.14"
"chromswitch","https://bioconductor.org/packages/3.17/bioc/html/chromswitch.html","3.14"
"copynumber","https://bioconductor.org/packages/3.14/bioc/html/copynumber.html","3.14"
"CopywriteR","https://bioconductor.org/packages/3.16/bioc/html/CopywriteR.html","3.14"
"dasper","https://bioconductor.org/packages/3.15/bioc/html/dasper.html","3.14"
"epihet","https://bioconductor.org/packages/3.16/bioc/html/epihet.html","3.14"
"GAPGOM","https://bioconductor.org/packages/3.14/bioc/html/GAPGOM.html","3.14"
"GeneAccord","https://bioconductor.org/packages/3.16/bioc/html/GeneAccord.html","3.14"
"genotypeeval","https://bioconductor.org/packages/3.16/bioc/html/genotypeeval.html","3.14"
"maanova","https://bioconductor.org/packages/3.16/bioc/html/maanova.html","3.14"
"metavizr","https://bioconductor.org/packages/3.15/bioc/html/metavizr.html","3.14"
"MethCP","https://bioconductor.org/packages/3.16/bioc/html/MethCP.html","3.14"
"MIGSA","https://bioconductor.org/packages/3.16/bioc/html/MIGSA.html","3.14"
"MIMOSA","https://bioconductor.org/packages/3.16/bioc/html/MIMOSA.html","3.14"
"NanoStringQCPro","https://bioconductor.org/packages/3.16/bioc/html/NanoStringQCPro.html","3.14"
"NBSplice","https://bioconductor.org/packages/3.16/bioc/html/NBSplice.html","3.14"
"netboxr","https://bioconductor.org/packages/3.16/bioc/html/netboxr.html","3.14"
"NxtIRFcore","https://bioconductor.org/packages/3.17/bioc/html/NxtIRFcore.html","3.14"
"ODER","https://bioconductor.org/packages/3.15/bioc/html/ODER.html","3.14"
"pkgDepTools","https://bioconductor.org/packages/3.16/bioc/html/pkgDepTools.html","3.14"
"PrecisionTrialDrawer","https://bioconductor.org/packages/3.15/bioc/html/PrecisionTrialDrawer.html","3.14"
"proBatch","https://bioconductor.org/packages/3.16/bioc/html/proBatch.html","3.14"
"proFIA","https://bioconductor.org/packages/3.16/bioc/html/proFIA.html","3.14"
"pulsedSilac","https://bioconductor.org/packages/3.15/bioc/html/pulsedSilac.html","3.14"
"savR","https://bioconductor.org/packages/3.16/bioc/html/savR.html","3.14"
"sigPathway","https://bioconductor.org/packages/3.16/bioc/html/sigPathway.html","3.14"
"STAN","https://bioconductor.org/packages/3.16/bioc/html/STAN.html","3.14"
"TarSeqQC","https://bioconductor.org/packages/3.16/bioc/html/TarSeqQC.html","3.14"
"tscR","https://bioconductor.org/packages/3.16/bioc/html/tscR.html","3.14"
"AffyCompatible","https://bioconductor.org/packages/3.16/bioc/html/AffyCompatible.html","3.14"
"BAC","https://bioconductor.org/packages/3.16/bioc/html/BAC.html","3.14"
"BitSeq","https://bioconductor.org/packages/3.15/bioc/html/BitSeq.html","3.14"
"BrainSABER","https://bioconductor.org/packages/3.16/bioc/html/BrainSABER.html","3.14"
"bridge","https://bioconductor.org/packages/3.15/bioc/html/bridge.html","3.14"
"cellTree","https://bioconductor.org/packages/3.16/bioc/html/cellTree.html","3.14"
"ctgGEM","https://bioconductor.org/packages/3.15/bioc/html/ctgGEM.html","3.14"
"coexnet","https://bioconductor.org/packages/3.16/bioc/html/coexnet.html","3.14"
"conclus","https://bioconductor.org/packages/3.16/bioc/html/conclus.html","3.14"
"CytoTree","https://bioconductor.org/packages/3.14/bioc/html/CytoTree.html","3.14"
"DEComplexDisease","https://bioconductor.org/packages/3.16/bioc/html/DEComplexDisease.html","3.14"
"flowUtils","https://bioconductor.org/packages/3.15/bioc/html/flowUtils.html","3.14"
"flowCL","https://bioconductor.org/packages/3.16/bioc/html/flowCL.html","3.14"
"gaia","https://bioconductor.org/packages/3.15/bioc/html/gaia.html","3.14"
"gpart","https://bioconductor.org/packages/3.14/bioc/html/gpart.html","3.14"
"inveRsion","https://bioconductor.org/packages/3.14/bioc/html/inveRsion.html","3.14"
"IsoGeneGUI","https://bioconductor.org/packages/3.15/bioc/html/IsoGeneGUI.html","3.14"
"iteremoval","https://bioconductor.org/packages/3.14/bioc/html/iteremoval.html","3.14"
"MACPET","https://bioconductor.org/packages/3.14/bioc/html/MACPET.html","3.14"
"PoTRA","https://bioconductor.org/packages/3.15/bioc/html/PoTRA.html","3.14"
"rama","https://bioconductor.org/packages/3.16/bioc/html/rama.html","3.14"
"Rcade","https://bioconductor.org/packages/3.14/bioc/html/Rcade.html","3.14"
"RNASeqR","https://bioconductor.org/packages/3.16/bioc/html/RNASeqR.html","3.14"
"scAlign","https://bioconductor.org/packages/3.16/bioc/html/scAlign.html","3.14"
"scMAGeCK","https://bioconductor.org/packages/3.15/bioc/html/scMAGeCK.html","3.14"
"sojourner","https://bioconductor.org/packages/3.15/bioc/html/sojourner.html","3.14"
"TCGAbiolinksGUI","https://bioconductor.org/packages/3.15/bioc/html/TCGAbiolinksGUI.html","3.14"
"TDARACNE","https://bioconductor.org/packages/3.16/bioc/html/TDARACNE.html","3.14"
"TimeSeriesExperiment","https://bioconductor.org/packages/3.14/bioc/html/TimeSeriesExperiment.html","3.14"
"TraRe","https://bioconductor.org/packages/3.16/bioc/html/TraRe.html","3.14"
"tspair","https://bioconductor.org/packages/3.15/bioc/html/tspair.html","3.14"
"XCIR","https://bioconductor.org/packages/3.13/bioc/html/XCIR.html","3.14"
"ABAEnrichment","https://bioconductor.org/packages/3.14/bioc/html/ABAEnrichment.html","3.14"
"Autotuner","https://bioconductor.org/packages/3.13/bioc/html/Autotuner.html","3.14"
"CAnD","https://bioconductor.org/packages/3.14/bioc/html/CAnD.html","3.14"
"caOmicsV","https://bioconductor.org/packages/3.14/bioc/html/caOmicsV.html","3.14"
"clonotypeR","https://bioconductor.org/packages/3.14/bioc/html/clonotypeR.html","3.14"
"CountClust","https://bioconductor.org/packages/3.13/bioc/html/CountClust.html","3.14"
"diffloop","https://bioconductor.org/packages/3.14/bioc/html/diffloop.html","3.14"
"GCSConnection","https://bioconductor.org/packages/3.14/bioc/html/GCSConnection.html","3.14"
"GCSFilesystem","https://bioconductor.org/packages/3.14/bioc/html/GCSFilesystem.html","3.14"
"GenoGAM","https://bioconductor.org/packages/3.13/bioc/html/GenoGAM.html","3.14"
"genphen","https://bioconductor.org/packages/3.12/bioc/html/genphen.html","3.14"
"gprege","https://bioconductor.org/packages/3.14/bioc/html/gprege.html","3.14"
"networkBMA","https://bioconductor.org/packages/3.14/bioc/html/networkBMA.html","3.14"
"Onassis","https://bioconductor.org/packages/3.12/bioc/html/Onassis.html","3.14"
"perturbatr","https://bioconductor.org/packages/3.13/bioc/html/perturbatr.html","3.14"
"ppiStats","https://bioconductor.org/packages/3.14/bioc/html/ppiStats.htm","3.14"
"ProteomicsAnnotationHubData ","https://bioconductor.org/packages/3.14/bioc/html/ProteomicsAnnotationHubData.html","3.14"
"PSICQUIC","https://bioconductor.org/packages/3.14/bioc/html/PSICQUIC.html","3.14"
"PubScore ","https://bioconductor.org/packages/3.14/bioc/html/PubScore.html","3.14"
"Rgin","https://bioconductor.org/packages/3.14/bioc/html/Rgin.html","3.14"
"RmiR","https://bioconductor.org/packages/3.14/bioc/html/RmiR.html","3.14"
"RpsiXML","https://bioconductor.org/packages/3.14/bioc/html/RpsiXML.html","3.14"
"ScISI","https://bioconductor.org/packages/3.13/bioc/html/ScISI.html","3.14"
"SLGI","https://bioconductor.org/packages/3.14/bioc/html/SLGI.html","3.14"
"Sushi","https://bioconductor.org/packages/3.14/bioc/html/Sushi.html","3.14"
"tofsims","https://bioconductor.org/packages/3.14/bioc/html/tofsims.html","3.14"
"TSRchitect","https://bioconductor.org/packages/3.14/bioc/html/TSRchitect.html","3.14"
"DREAM4","https://bioconductor.org/packages/3.14/data/experiment/html/DREAM4.html","3.14"
"MSstatsBioData","https://bioconductor.org/packages/3.14/data/experiment/html/MSstatsBioData.html","3.14"
"ppiData","https://bioconductor.org/packages/3.14/data/experiment/html/ppiData.html","3.14"
"proteomics","https://bioconductor.org/packages/3.14/workflow/html/proteomics.html","3.14"
"affyPara","https://bioconductor.org/packages/3.13/bioc/html/affyPara.html","3.14"
"ALPS","https://bioconductor.org/packages/3.13/bioc/html/ALPS.html","3.14"
"alsace","https://bioconductor.org/packages/3.14/bioc/html/alsace.html","3.14"
"BrainStars","https://bioconductor.org/packages/3.12/bioc/html/BrainStars.html","3.14"
"dualKS","https://bioconductor.org/packages/3.13/bioc/html/dualKS.html","3.14"
"ENCODExplorer","https://bioconductor.org/packages/3.12/bioc/html/ENCODExplorer.html","3.14"
"ENVISIONQuery","https://bioconductor.org/packages/3.12/bioc/html/ENVISIONQuery.html","3.14"
"FindMyFriends","https://bioconductor.org/packages/3.12/bioc/html/FindMyFriends.html","3.14"
"GeneAnswers","https://bioconductor.org/packages/3.14/bioc/html/GeneAnswers.html","3.14"
"gramm4R","https://bioconductor.org/packages/3.12/bioc/html/gramm4R.html","3.14"
"KEGGprofile","https://bioconductor.org/packages/3.12/bioc/html/KEGGprofile.html","3.14"
"MSstatsTMTPTM","https://bioconductor.org/packages/3.13/bioc/html/MSstatsTMTPTM.html","3.14"
"MSGFplus","https://bioconductor.org/packages/3.14/bioc/html/MSGFplus.html","3.14"
"MSGFgui","https://bioconductor.org/packages/3.14/bioc/html/MSGFgui.html","3.14"
"slinky","https://bioconductor.org/packages/3.14/bioc/html/slinky.html","3.14"
"PanVizGenerator","https://bioconductor.org/packages/3.13/bioc/html/PanVizGenerator.html","3.14"
"predictionet","https://bioconductor.org/packages/3.14/bioc/html/predictionet.html","3.14"
"RGalaxy","https://bioconductor.org/packages/3.14/bioc/html/RGalaxy.html","3.14"
"scClassifR","https://bioconductor.org/packages/3.14/bioc/html/scClassifR.html","3.14"
"SRGnet","https://bioconductor.org/packages/3.12/bioc/html/SRGnet.html","3.14"
"SwimR","https://bioconductor.org/packages/3.13/bioc/html/SwimR.html","3.14"
"ABAData","https://bioconductor.org/packages/3.14/data/experiment/html/ABAData.html","3.14"
"brainImageRdata","https://bioconductor.org/packages/3.14/data/experiment/html/brainImageRdata.html","3.14"
"tcgaWGBSData.hg19","https://bioconductor.org/packages/3.14/data/experiment/html/tcgaWGBSData.hg19.html","3.14"
"org.Pf.plasmo.db","https://bioconductor.org/packages/3.14/data/annotation/html/org.Pf.plasmo.db.html","3.14"
"AffyCompatible","https://bioconductor.org/packages/3.16/bioc/html/AffyCompatible.html","3.13"
"BAC","https://bioconductor.org/packages/3.16/bioc/html/BAC.html","3.13"
"BitSeq","https://bioconductor.org/packages/3.15/bioc/html/BitSeq.html","3.13"
"BrainSABER","https://bioconductor.org/packages/3.16/bioc/html/BrainSABER.html","3.13"
"bridge","https://bioconductor.org/packages/3.15/bioc/html/bridge.html","3.13"
"cellTree","https://bioconductor.org/packages/3.16/bioc/html/cellTree.html","3.13"
"ctgGEM","https://bioconductor.org/packages/3.15/bioc/html/ctgGEM.html","3.13"
"coexnet","https://bioconductor.org/packages/3.16/bioc/html/coexnet.html","3.13"
"conclus","https://bioconductor.org/packages/3.16/bioc/html/conclus.html","3.13"
"CytoTree","https://bioconductor.org/packages/3.14/bioc/html/CytoTree.html","3.13"
"DEComplexDisease","https://bioconductor.org/packages/3.16/bioc/html/DEComplexDisease.html","3.13"
"flowUtils","https://bioconductor.org/packages/3.15/bioc/html/flowUtils.html","3.13"
"flowCL","https://bioconductor.org/packages/3.16/bioc/html/flowCL.html","3.13"
"gaia","https://bioconductor.org/packages/3.15/bioc/html/gaia.html","3.13"
"gpart","https://bioconductor.org/packages/3.14/bioc/html/gpart.html","3.13"
"inveRsion","https://bioconductor.org/packages/3.14/bioc/html/inveRsion.html","3.13"
"IsoGeneGUI","https://bioconductor.org/packages/3.15/bioc/html/IsoGeneGUI.html","3.13"
"iteremoval","https://bioconductor.org/packages/3.14/bioc/html/iteremoval.html","3.13"
"MACPET","https://bioconductor.org/packages/3.14/bioc/html/MACPET.html","3.13"
"PoTRA","https://bioconductor.org/packages/3.15/bioc/html/PoTRA.html","3.13"
"rama","https://bioconductor.org/packages/3.16/bioc/html/rama.html","3.13"
"Rcade","https://bioconductor.org/packages/3.14/bioc/html/Rcade.html","3.13"
"RNASeqR","https://bioconductor.org/packages/3.16/bioc/html/RNASeqR.html","3.13"
"scAlign","https://bioconductor.org/packages/3.16/bioc/html/scAlign.html","3.13"
"scMAGeCK","https://bioconductor.org/packages/3.15/bioc/html/scMAGeCK.html","3.13"
"sojourner","https://bioconductor.org/packages/3.15/bioc/html/sojourner.html","3.13"
"TCGAbiolinksGUI","https://bioconductor.org/packages/3.15/bioc/html/TCGAbiolinksGUI.html","3.13"
"TDARACNE","https://bioconductor.org/packages/3.16/bioc/html/TDARACNE.html","3.13"
"TimeSeriesExperiment","https://bioconductor.org/packages/3.14/bioc/html/TimeSeriesExperiment.html","3.13"
"TraRe","https://bioconductor.org/packages/3.16/bioc/html/TraRe.html","3.13"
"tspair","https://bioconductor.org/packages/3.15/bioc/html/tspair.html","3.13"
"XCIR","https://bioconductor.org/packages/3.13/bioc/html/XCIR.html","3.13"
"ABAEnrichment","https://bioconductor.org/packages/3.14/bioc/html/ABAEnrichment.html","3.13"
"Autotuner","https://bioconductor.org/packages/3.13/bioc/html/Autotuner.html","3.13"
"CAnD","https://bioconductor.org/packages/3.14/bioc/html/CAnD.html","3.13"
"caOmicsV","https://bioconductor.org/packages/3.14/bioc/html/caOmicsV.html","3.13"
"clonotypeR","https://bioconductor.org/packages/3.14/bioc/html/clonotypeR.html","3.13"
"CountClust","https://bioconductor.org/packages/3.13/bioc/html/CountClust.html","3.13"
"diffloop","https://bioconductor.org/packages/3.14/bioc/html/diffloop.html","3.13"
"GCSConnection","https://bioconductor.org/packages/3.14/bioc/html/GCSConnection.html","3.13"
"GCSFilesystem","https://bioconductor.org/packages/3.14/bioc/html/GCSFilesystem.html","3.13"
"GenoGAM","https://bioconductor.org/packages/3.13/bioc/html/GenoGAM.html","3.13"
"genphen","https://bioconductor.org/packages/3.12/bioc/html/genphen.html","3.13"
"gprege","https://bioconductor.org/packages/3.14/bioc/html/gprege.html","3.13"
"networkBMA","https://bioconductor.org/packages/3.14/bioc/html/networkBMA.html","3.13"
"Onassis","https://bioconductor.org/packages/3.12/bioc/html/Onassis.html","3.13"
"perturbatr","https://bioconductor.org/packages/3.13/bioc/html/perturbatr.html","3.13"
"ppiStats","https://bioconductor.org/packages/3.14/bioc/html/ppiStats.htm","3.13"
"ProteomicsAnnotationHubData ","https://bioconductor.org/packages/3.14/bioc/html/ProteomicsAnnotationHubData.html","3.13"
"PSICQUIC","https://bioconductor.org/packages/3.14/bioc/html/PSICQUIC.html","3.13"
"PubScore ","https://bioconductor.org/packages/3.14/bioc/html/PubScore.html","3.13"
"Rgin","https://bioconductor.org/packages/3.14/bioc/html/Rgin.html","3.13"
"RmiR","https://bioconductor.org/packages/3.14/bioc/html/RmiR.html","3.13"
"RpsiXML","https://bioconductor.org/packages/3.14/bioc/html/RpsiXML.html","3.13"
"ScISI","https://bioconductor.org/packages/3.13/bioc/html/ScISI.html","3.13"
"SLGI","https://bioconductor.org/packages/3.14/bioc/html/SLGI.html","3.13"
"Sushi","https://bioconductor.org/packages/3.14/bioc/html/Sushi.html","3.13"
"tofsims","https://bioconductor.org/packages/3.14/bioc/html/tofsims.html","3.13"
"TSRchitect","https://bioconductor.org/packages/3.14/bioc/html/TSRchitect.html","3.13"
"affyPara","https://bioconductor.org/packages/3.13/bioc/html/affyPara.html","3.13"
"ALPS","https://bioconductor.org/packages/3.13/bioc/html/ALPS.html","3.13"
"alsace","https://bioconductor.org/packages/3.14/bioc/html/alsace.html","3.13"
"BrainStars","https://bioconductor.org/packages/3.12/bioc/html/BrainStars.html","3.13"
"dualKS","https://bioconductor.org/packages/3.13/bioc/html/dualKS.html","3.13"
"ENCODExplorer","https://bioconductor.org/packages/3.12/bioc/html/ENCODExplorer.html","3.13"
"ENVISIONQuery","https://bioconductor.org/packages/3.12/bioc/html/ENVISIONQuery.html","3.13"
"FindMyFriends","https://bioconductor.org/packages/3.12/bioc/html/FindMyFriends.html","3.13"
"GeneAnswers","https://bioconductor.org/packages/3.14/bioc/html/GeneAnswers.html","3.13"
"gramm4R","https://bioconductor.org/packages/3.12/bioc/html/gramm4R.html","3.13"
"KEGGprofile","https://bioconductor.org/packages/3.12/bioc/html/KEGGprofile.html","3.13"
"MSstatsTMTPTM","https://bioconductor.org/packages/3.13/bioc/html/MSstatsTMTPTM.html","3.13"
"MSGFplus","https://bioconductor.org/packages/3.14/bioc/html/MSGFplus.html","3.13"
"MSGFgui","https://bioconductor.org/packages/3.14/bioc/html/MSGFgui.html","3.13"
"slinky","https://bioconductor.org/packages/3.14/bioc/html/slinky.html","3.13"
"PanVizGenerator","https://bioconductor.org/packages/3.13/bioc/html/PanVizGenerator.html","3.13"
"predictionet","https://bioconductor.org/packages/3.14/bioc/html/predictionet.html","3.13"
"RGalaxy","https://bioconductor.org/packages/3.14/bioc/html/RGalaxy.html","3.13"
"scClassifR","https://bioconductor.org/packages/3.14/bioc/html/scClassifR.html","3.13"
"SRGnet","https://bioconductor.org/packages/3.12/bioc/html/SRGnet.html","3.13"
"SwimR","https://bioconductor.org/packages/3.13/bioc/html/SwimR.html","3.13"
"AffyExpress","https://bioconductor.org/packages/3.12/bioc/html/AffyExpress.html","3.11"
"affyQCReport","https://bioconductor.org/packages/3.12/bioc/html/affyQCReport.html","3.11"
"AnnotationFuncs","https://bioconductor.org/packages/3.12/bioc/html/AnnotationFuncs.html","3.11"
"ArrayTools","https://bioconductor.org/packages/3.12/bioc/html/ArrayTools.html","3.11"
"bigmemoryExtras","https://bioconductor.org/packages/3.12/bioc/html/bigmemoryExtras.html","3.11"
"BiocCaseStudies","https://bioconductor.org/packages/3.12/bioc/html/BiocCaseStudies.html","3.11"
"CancerMutationAnalysis","https://bioconductor.org/packages/3.12/bioc/html/CancerMutationAnalysis.html","3.11"
"ChIPSeqSpike","https://bioconductor.org/packages/3.12/bioc/html/ChIPSeqSpike.html","3.11"
"CompGO","https://bioconductor.org/packages/3.12/bioc/html/CompGO.html","3.11"
"CoRegFlux","https://bioconductor.org/packages/3.12/bioc/html/CoRegFlux.html","3.11"
"CrossICC","https://bioconductor.org/packages/3.11/bioc/html/CrossICC.html","3.11"
"cytofast","https://bioconductor.org/packages/3.12/bioc/html/cytofast.html","3.11"
"DBChIP","https://bioconductor.org/packages/3.12/bioc/html/DBChIP.html","3.11"
"dexus","https://bioconductor.org/packages/3.12/bioc/html/dexus.html","3.11"
"EasyqpcR","https://bioconductor.org/packages/3.12/bioc/html/EasyqpcR.html","3.11"
"EDDA","https://bioconductor.org/packages/3.12/bioc/html/EDDA.html","3.11"
"eisa","https://bioconductor.org/packages/3.12/bioc/html/eisa.html","3.11"
"ELBOW","https://bioconductor.org/packages/3.12/bioc/html/ELBOW.html","3.11"
"ExpressionView","https://bioconductor.org/packages/3.12/bioc/html/ExpressionView.html","3.11"
"FlowRepositoryR","https://bioconductor.org/packages/3.12/bioc/html/FlowRepositoryR.html","3.11"
"genoset","https://bioconductor.org/packages/3.12/bioc/html/genoset.html","3.11"
"HCABrowser","https://bioconductor.org/packages/3.12/bioc/html/HCABrowser.html","3.11"
"HCAExplorer","https://bioconductor.org/packages/3.12/bioc/html/HCAExplorer.html","3.11"
"HCAMatrixBrowser","https://bioconductor.org/packages/3.12/bioc/html/HCAMatrixBrowser.html","3.11"
"Imetagene","https://bioconductor.org/packages/3.12/bioc/html/Imetagene.html","3.11"
"mdgsa","https://bioconductor.org/packages/3.12/bioc/html/mdgsa.html","3.11"
"metagenomeFeatures ","https://bioconductor.org/packages/3.12/bioc/html/metagenomeFeatures.html","3.11"
"methyAnalysis","https://bioconductor.org/packages/3.12/bioc/html/methyAnalysis.html","3.11"
"MSEADbi","https://bioconductor.org/packages/3.12/bioc/html/MSEADbi.html","3.11"
"OutlierD","https://bioconductor.org/packages/3.12/bioc/html/OutlierD.html","3.11"
"pcot2","https://bioconductor.org/packages/3.12/bioc/html/pcot2.html","3.11"
"PCpheno","https://bioconductor.org/packages/3.12/bioc/html/PCpheno.html","3.11"
"Polyfit","https://bioconductor.org/packages/3.12/bioc/html/Polyfit.html","3.11"
"POST","https://bioconductor.org/packages/3.12/bioc/html/POST.html","3.11"
"RchyOptimyx","https://bioconductor.org/packages/3.12/bioc/html/RchyOptimyx.html","3.11"
"RDAVIDWebService","https://bioconductor.org/packages/3.12/bioc/html/RDAVIDWebService.html","3.11"
"RNAither","https://bioconductor.org/packages/3.12/bioc/html/RNAither.html","3.11"
"RNAprobR","https://bioconductor.org/packages/3.12/bioc/html/RNAprobR.html","3.11"
"rnaSeqMap","https://bioconductor.org/packages/3.12/bioc/html/rnaSeqMap.html","3.11"
"SAGx","https://bioconductor.org/packages/3.12/bioc/html/SAGx.html","3.11"
"samExploreR","https://bioconductor.org/packages/3.12/bioc/html/samExploreR.html","3.11"
"seqplots","https://bioconductor.org/packages/3.12/bioc/html/seqplots.html","3.11"
"simulatorZ","https://bioconductor.org/packages/3.12/bioc/html/simulatorZ.html","3.11"
"SSPA","https://bioconductor.org/packages/3.12/bioc/html/SSPA.html","3.11"
"ToPASeq","https://bioconductor.org/packages/3.12/bioc/html/ToPASeq.html","3.11"
"XBSeq","https://bioconductor.org/packages/3.12/bioc/html/XBSeq.html","3.11"
"yaqcaffy","https://bioconductor.org/packages/3.12/bioc/html/yaqcaffy.html","3.11"
"adaptest","https://bioconductor.org/packages/3.10/bioc/html/adaptest.html","3.11"
"ArrayTV","https://bioconductor.org/packages/3.10/bioc/html/ArrayTV.html","3.11"
"BioSeqClass","https://bioconductor.org/packages/3.10/bioc/html/BioSeqClass.html","3.11"
"CHARGE","https://bioconductor.org/packages/3.10/bioc/html/CHARGE.html","3.11"
"CNVtools","https://bioconductor.org/packages/3.10/bioc/html/CNVtools.html","3.11"
"CorMut","https://bioconductor.org/packages/3.10/bioc/html/CorMut.html","3.11"
"DESeq","https://bioconductor.org/packages/3.10/bioc/html/DESeq.html","3.11"
"chimera","https://bioconductor.org/packages/3.10/bioc/html/chimera.html","3.11"
"explorase","https://bioconductor.org/packages/3.11/bioc/html/explorase.html","3.11"
"flowFit","https://bioconductor.org/packages/3.10/bioc/html/flowFit.html","3.11"
"flowSpy","https://bioconductor.org/packages/3.12/bioc/html/flowSpy.html","3.11"
"flowType","https://bioconductor.org/packages/3.10/bioc/html/flowType.html","3.11"
"focalCall","https://bioconductor.org/packages/3.10/bioc/html/focalCall.html","3.11"
"FourCSeq","https://bioconductor.org/packages/3.12/bioc/html/FourCSeq.html","3.11"
"FunciSNP","https://bioconductor.org/packages/3.11/bioc/html/FunciSNP.html","3.11"
"GenRank","https://bioconductor.org/packages/3.10/bioc/html/GenRank.html","3.11"
"GeneticsDesign","https://bioconductor.org/packages/3.10/bioc/html/GeneticsDesign.html","3.11"
"GGBase","https://bioconductor.org/packages/3.12/bioc/html/GGBase.html","3.11"
"GGtools","https://bioconductor.org/packages/3.12/bioc/html/GGtools.html","3.11"
"GOFunction","https://bioconductor.org/packages/3.10/bioc/html/GOFunction.html","3.11"
"gQTLBase","https://bioconductor.org/packages/3.12/bioc/html/gQTLBase.html","3.11"
"gQTLstats","https://bioconductor.org/packages/3.12/bioc/html/gQTLstats.html","3.11"
"hicrep","https://bioconductor.org/packages/3.10/bioc/html/hicrep.html","3.11"
"ImpulseDE","https://bioconductor.org/packages/3.10/bioc/html/ImpulseDE.html","3.11"
"ImpulseDE2","https://bioconductor.org/packages/3.10/bioc/html/ImpulseDE2.html","3.11"
"joda","https://bioconductor.org/packages/3.10/bioc/html/joda.html","3.11"
"JunctionSeq","https://bioconductor.org/packages/3.10/bioc/html/JunctionSeq.html","3.11"
"LINC","https://bioconductor.org/packages/3.10/bioc/html/LINC.html","3.11"
"Logolas","https://bioconductor.org/packages/3.10/bioc/html/Logolas.html","3.11"
"mcaGUI","https://bioconductor.org/packages/3.12/bioc/html/mcaGUI.html","3.11"
"metaArray","https://bioconductor.org/packages/3.11/bioc/html/metaArray.html","3.11"
"metaseqR","https://bioconductor.org/packages/3.12/bioc/html/metaseqR.html","3.11"
"methVisual","https://bioconductor.org/packages/3.10/bioc/html/methVisual.html","3.11"
"methyvim","https://bioconductor.org/packages/3.12/bioc/html/methyvim.html","3.11"
"Mirsynergy","https://bioconductor.org/packages/3.10/bioc/html/Mirsynergy.html","3.11"
"MmPalateMiRNA","https://bioconductor.org/packages/3.10/bioc/html/MmPalateMiRNA.html","3.11"
"MOFA","https://bioconductor.org/packages/3.12/bioc/html/MOFA.html","3.11"
"MotIV","https://bioconductor.org/packages/3.10/bioc/html/MotIV.html","3.11"
"NarrowPeaks","https://bioconductor.org/packages/3.10/bioc/html/NarrowPeaks.html","3.11"
"netbenchmark","https://bioconductor.org/packages/3.10/bioc/html/netbenchmark.html","3.11"
"netReg","https://bioconductor.org/packages/3.10/bioc/html/netReg.html","3.11"
"OGSA","https://bioconductor.org/packages/3.10/bioc/html/OGSA.html","3.11"
"OmicsMarkeR","https://bioconductor.org/packages/3.10/bioc/html/OmicsMarkeR.html","3.11"
"pathprint","https://bioconductor.org/packages/3.10/bioc/html/pathprint.html","3.11"
"PathwaySplice","https://bioconductor.org/packages/3.10/bioc/html/PathwaySplice.html","3.11"
"PGA","https://bioconductor.org/packages/3.11/bioc/html/PGA.html","3.11"
"PGSEA","https://bioconductor.org/packages/3.10/bioc/html/PGSEA.html","3.11"
"plrs","https://bioconductor.org/packages/3.10/bioc/html/plrs.html","3.11"
"prada","https://bioconductor.org/packages/3.10/bioc/html/prada.html","3.11"
"Prize","https://bioconductor.org/packages/3.10/bioc/html/Prize.html","3.11"
"Rariant","https://bioconductor.org/packages/3.12/bioc/html/Rariant.html","3.11"
"reb","https://bioconductor.org/packages/3.10/bioc/html/reb.html","3.11"
"Roleswitch","https://bioconductor.org/packages/3.10/bioc/html/Roleswitch.html","3.11"
"rTANDEM","https://bioconductor.org/packages/3.10/bioc/html/rTANDEM.html","3.11"
"sapFinder","https://bioconductor.org/packages/3.11/bioc/html/sapFinder.html","3.11"
"scsR","https://bioconductor.org/packages/3.10/bioc/html/scsR.html","3.11"
"shinyTANDEM","https://bioconductor.org/packages/3.11/bioc/html/shinyTANDEM.html","3.11"
"sigaR","https://bioconductor.org/packages/3.10/bioc/html/sigaR.html","3.11"
"signet","https://bioconductor.org/packages/3.10/bioc/html/signet.html","3.11"
"simpleaffy","https://bioconductor.org/packages/3.11/bioc/html/simpleaffy.html","3.11"
"spotSegmentation","https://bioconductor.org/packages/3.10/bioc/html/spotSegmentation.html","3.11"
"Starr","https://bioconductor.org/packages/3.10/bioc/html/Starr.html","3.11"
"SVAPLSseq","https://bioconductor.org/packages/3.10/bioc/html/SVAPLSseq.html","3.11"
"TxRegInfra","https://bioconductor.org/packages/3.12/bioc/html/TxRegInfra.html","3.11"
"xps","https://bioconductor.org/packages/3.10/bioc/html/xps.html","3.11"
"flowFitExampleData","https://bioconductor.org/packages/3.12/data/experiment/html/flowFitExampleData.html","3.11"
"FunciSNP.data","https://bioconductor.org/packages/3.11/data/experiment/html/FunciSNP.data.html","3.11"
"geuvPack","https://bioconductor.org/packages/3.12/data/experiment/html/geuvPack.html","3.11"
"geuvStore2","https://bioconductor.org/packages/3.12/data/experiment/html/geuvStore2.html","3.11"
"GGdata","https://bioconductor.org/packages/3.12/data/experiment/html/GGdata.html","3.11"
"mitoODEdata","https://bioconductor.org/packages/3.12/data/experiment/html/mitoODEdata.html","3.11"
"Mulder2012","https://bioconductor.org/packages/3.10/data/experiment/html/Mulder2012.html","3.11"
"methyvimData","https://bioconductor.org/packages/3.12/data/experiment/html/methyvimData.html","3.11"
"pathprintGEOData","https://bioconductor.org/packages/3.12/data/experiment/html/pathprintGEOData.html","3.11"
"pcaGoPromoter.Hs.hg19","https://bioconductor.org/packages/3.12/data/experiment/html/pcaGoPromoter.Hs.hg19.html","3.11"
"pcaGoPromoter.Mm.mm9","https://bioconductor.org/packages/3.12/data/experiment/html/pcaGoPromoter.Mm.mm9.html","3.11"
"pcaGoPromoter.Rn.rn4","https://bioconductor.org/packages/3.12/data/experiment/html/pcaGoPromoter.Rn.rn4.html","3.11"
"waveTilingData","https://bioconductor.org/packages/3.12/data/experiment/html/waveTilingData.html","3.11"
"yriMulti","https://bioconductor.org/packages/3.12/data/experiment/html/yriMulti.html","3.11"
"QUALIFIER","https://bioconductor.org/packages/3.10/bioc/html/QUALIFIER.html","3.11"
"motifRG","https://bioconductor.org/packages/3.10/bioc/html/motifRG.html","3.11"
"triform","https://bioconductor.org/packages/3.10/bioc/html/triform.html","3.11"
"CVE","https://bioconductor.org/packages/3.10/bioc/html/CVE.html","3.11"
"proteoQC","https://bioconductor.org/packages/3.10/bioc/html/proteoQC.html","3.11"
"affypdnn","https://bioconductor.org/packages/3.10/bioc/html/affypdnn.html","3.11"
"splicegear","https://bioconductor.org/packages/3.10/bioc/html/splicegear.html","3.11"
"Genominator","https://bioconductor.org/packages/3.10/bioc/html/Genominator.html","3.11"
"IdMappingAnalysis","https://bioconductor.org/packages/3.10/bioc/html/IdMappingAnalysis.html","3.11"
"IdMappingRetrieval","https://bioconductor.org/packages/3.10/bioc/html/IdMappingRetrieval.html","3.11"
"manta","https://bioconductor.org/packages/3.10/bioc/html/manta.html","3.11"
"RefNet","https://bioconductor.org/packages/3.10/bioc/html/RefNet.html","3.11"
"AnalysisPageServer","https://bioconductor.org/packages/3.10/bioc/html/AnalysisPageServer.html","3.11"
"scfind","https://bioconductor.org/packages/3.10/bioc/html/scfind.html","3.11"
"kimod","https://bioconductor.org/packages/3.10/bioc/html/kimod.html","3.11"
"plw","https://bioconductor.org/packages/3.10/bioc/html/plw.html","3.11"
"cobindR","https://bioconductor.org/packages/3.10/bioc/html/cobindR.html","3.11"
"LMGene","https://bioconductor.org/packages/3.10/bioc/html/LMGene.html","3.11"
"sRAP","https://bioconductor.org/packages/3.10/bioc/html/sRAP.html","3.11"
"gCMAP","https://bioconductor.org/packages/3.11/bioc/html/gCMAP.html","3.11"
"gCMAPWeb","https://bioconductor.org/packages/3.10/bioc/html/gCMAPWeb.html","3.11"
"DChIPRep","https://bioconductor.org/packages/3.11/bioc/html/DChIPRep.html","3.11"
"CTDquerier","https://bioconductor.org/packages/3.10/bioc/html/CTDquerier.html","3.11"
"MTseeker","https://bioconductor.org/packages/3.10/bioc/html/MTseeker.html","3.11"
"readat","https://bioconductor.org/packages/3.10/bioc/html/readat.html","3.11"
"anamiR","https://bioconductor.org/packages/3.10/bioc/html/anamiR.html","3.11"
"CALIB","https://bioconductor.org/packages/3.10/bioc/html/CALIB.html","3.11"
"cellGrowth","https://bioconductor.org/packages/3.10/bioc/html/cellGrowth.html","3.11"
"chroGPS","https://bioconductor.org/packages/3.10/bioc/html/chroGPS.html","3.11"
"DEDS","https://bioconductor.org/packages/3.10/bioc/html/DEDS.html","3.11"
"LVSmiRNA","https://bioconductor.org/packages/3.10/bioc/html/LVSmiRNA.html","3.11"
"MCRestimate","https://bioconductor.org/packages/3.10/bioc/html/MCRestimate.html","3.11"
"nem","https://bioconductor.org/packages/3.10/bioc/html/nem.html","3.11"
"PAPi","https://bioconductor.org/packages/3.10/bioc/html/PAPi.html","3.11"
"pcaGoPromoter","https://bioconductor.org/packages/3.10/bioc/html/pcaGoPromoter.html","3.11"
"pint","https://bioconductor.org/packages/3.10/bioc/html/pint.html","3.11"
"RIPSeeker","https://bioconductor.org/packages/3.10/bioc/html/RIPSeeker.html","3.11"
"SANTA","https://bioconductor.org/packages/3.10/bioc/html/SANTA.html","3.11"
"waveTiling","https://bioconductor.org/packages/3.10/bioc/html/waveTiling.html","3.11"
"BayesPeak","https://bioconductor.org/packages/3.10/bioc/html/BayesPeak.html","3.11"
"bgafun","https://bioconductor.org/packages/3.10/bioc/html/bgafun.html","3.11"
"lol","https://bioconductor.org/packages/3.10/bioc/html/lol.html","3.11"
"M3D","https://bioconductor.org/packages/3.11/bioc/html/M3D.html","3.11"
"MergeMaid","https://bioconductor.org/packages/3.10/bioc/html/MergeMaid.html","3.11"
"IPPD","https://bioconductor.org/packages/3.10/bioc/html/IPPD.html","3.11"
"biosvd","https://bioconductor.org/packages/3.10/bioc/html/biosvd.html","3.11"
"birta","https://bioconductor.org/packages/3.10/bioc/html/birta.html","3.11"
"DupChecker","https://bioconductor.org/packages/3.10/bioc/html/DupChecker.html","3.11"
"FEM","https://bioconductor.org/packages/3.10/bioc/html/FEM.html","3.11"
"geecc","https://bioconductor.org/packages/3.10/bioc/html/geecc.html","3.11"
"MaxContrastProjection","https://bioconductor.org/packages/3.10/bioc/html/MaxContrastProjection.html","3.11"
"mitoODE","https://bioconductor.org/packages/3.11/bioc/html/mitoODE.html","3.11"
"MoPS","https://bioconductor.org/packages/3.10/bioc/html/MoPS.html","3.11"
"PowerExplorer","https://bioconductor.org/packages/3.10/bioc/html/PowerExplorer.html","3.11"
"Vega","https://bioconductor.org/packages/3.10/bioc/html/Vega.html","3.11"
"MTseekerData","https://bioconductor.org/packages/3.11/data/experiment/html/MTseekerData.html","3.11"
"RIPSeekerData","https://bioconductor.org/packages/3.11/data/experiment/html/RIPSeekerData.html","3.11"
"hom.At.inp.db","https://bioconductor.org/packages/3.11/data/annotation/html/hom.At.inp.db.html","3.11"
"hom.Ce.inp.db","https://bioconductor.org/packages/3.11/data/annotation/html/hom.Ce.inp.db.html","3.11"
"hom.Dm.inp.db","https://bioconductor.org/packages/3.11/data/annotation/html/hom.Dm.inp.db.html","3.11"
"hom.Dr.inp.db","https://bioconductor.org/packages/3.11/data/annotation/html/hom.Dr.inp.db.html","3.11"
"hom.Hs.inp.db","https://bioconductor.org/packages/3.11/data/annotation/html/hom.Hs.inp.db.html","3.11"
"hom.Mm.inp.db","https://bioconductor.org/packages/3.11/data/annotation/html/hom.Mm.inp.db.html","3.11"
"hom.Rn.inp.db","https://bioconductor.org/packages/3.11/data/annotation/html/hom.Rn.inp.db.html","3.11"
"hom.Sc.inp.db","https://bioconductor.org/packages/3.11/data/annotation/html/hom.Sc.inp.db.html","3.11"
"KEGG.db","https://bioconductor.org/packages/3.11/data/annotation/html/KEGG.db.html","3.11"
"MafDb.ESP6500SI.V2.SSA137.hs37d5","https://bioconductor.org/packages/3.11/data/annotation/html/MafDb.ESP6500SI.V2.SSA137.hs37d5","3.11"
"MafDb.EXP6500SI.V2.SSA137.GRCh38","https://bioconductor.org/packages/3.11/data/annotation/html/MafDb.ESP6500SI.V2.SSA137.GRCh38.html","3.11"
"adaptest","https://bioconductor.org/packages/3.10/bioc/html/adaptest.html","3.10"
"ArrayTV","https://bioconductor.org/packages/3.10/bioc/html/ArrayTV.html","3.10"
"BioSeqClass","https://bioconductor.org/packages/3.10/bioc/html/BioSeqClass.html","3.10"
"CHARGE","https://bioconductor.org/packages/3.10/bioc/html/CHARGE.html","3.10"
"CNVtools","https://bioconductor.org/packages/3.10/bioc/html/CNVtools.html","3.10"
"CorMut","https://bioconductor.org/packages/3.10/bioc/html/CorMut.html","3.10"
"DESeq","https://bioconductor.org/packages/3.10/bioc/html/DESeq.html","3.10"
"chimera","https://bioconductor.org/packages/3.10/bioc/html/chimera.html","3.10"
"explorase","https://bioconductor.org/packages/3.11/bioc/html/explorase.html","3.10"
"flowFit","https://bioconductor.org/packages/3.10/bioc/html/flowFit.html","3.10"
"flowSpy","https://bioconductor.org/packages/3.12/bioc/html/flowSpy.html","3.10"
"flowType","https://bioconductor.org/packages/3.10/bioc/html/flowType.html","3.10"
"focalCall","https://bioconductor.org/packages/3.10/bioc/html/focalCall.html","3.10"
"FourCSeq","https://bioconductor.org/packages/3.12/bioc/html/FourCSeq.html","3.10"
"FunciSNP","https://bioconductor.org/packages/3.11/bioc/html/FunciSNP.html","3.10"
"GenRank","https://bioconductor.org/packages/3.10/bioc/html/GenRank.html","3.10"
"GeneticsDesign","https://bioconductor.org/packages/3.10/bioc/html/GeneticsDesign.html","3.10"
"GGBase","https://bioconductor.org/packages/3.12/bioc/html/GGBase.html","3.10"
"GGtools","https://bioconductor.org/packages/3.12/bioc/html/GGtools.html","3.10"
"GOFunction","https://bioconductor.org/packages/3.10/bioc/html/GOFunction.html","3.10"
"gQTLBase","https://bioconductor.org/packages/3.12/bioc/html/gQTLBase.html","3.10"
"gQTLstats","https://bioconductor.org/packages/3.12/bioc/html/gQTLstats.html","3.10"
"hicrep","https://bioconductor.org/packages/3.10/bioc/html/hicrep.html","3.10"
"ImpulseDE","https://bioconductor.org/packages/3.10/bioc/html/ImpulseDE.html","3.10"
"ImpulseDE2","https://bioconductor.org/packages/3.10/bioc/html/ImpulseDE2.html","3.10"
"joda","https://bioconductor.org/packages/3.10/bioc/html/joda.html","3.10"
"JunctionSeq","https://bioconductor.org/packages/3.10/bioc/html/JunctionSeq.html","3.10"
"LINC","https://bioconductor.org/packages/3.10/bioc/html/LINC.html","3.10"
"Logolas","https://bioconductor.org/packages/3.10/bioc/html/Logolas.html","3.10"
"mcaGUI","https://bioconductor.org/packages/3.12/bioc/html/mcaGUI.html","3.10"
"metaArray","https://bioconductor.org/packages/3.11/bioc/html/metaArray.html","3.10"
"metaseqR","https://bioconductor.org/packages/3.12/bioc/html/metaseqR.html","3.10"
"methVisual","https://bioconductor.org/packages/3.10/bioc/html/methVisual.html","3.10"
"methyvim","https://bioconductor.org/packages/3.12/bioc/html/methyvim.html","3.10"
"Mirsynergy","https://bioconductor.org/packages/3.10/bioc/html/Mirsynergy.html","3.10"
"MmPalateMiRNA","https://bioconductor.org/packages/3.10/bioc/html/MmPalateMiRNA.html","3.10"
"MOFA","https://bioconductor.org/packages/3.12/bioc/html/MOFA.html","3.10"
"MotIV","https://bioconductor.org/packages/3.10/bioc/html/MotIV.html","3.10"
"NarrowPeaks","https://bioconductor.org/packages/3.10/bioc/html/NarrowPeaks.html","3.10"
"netbenchmark","https://bioconductor.org/packages/3.10/bioc/html/netbenchmark.html","3.10"
"netReg","https://bioconductor.org/packages/3.10/bioc/html/netReg.html","3.10"
"OGSA","https://bioconductor.org/packages/3.10/bioc/html/OGSA.html","3.10"
"OmicsMarkeR","https://bioconductor.org/packages/3.10/bioc/html/OmicsMarkeR.html","3.10"
"pathprint","https://bioconductor.org/packages/3.10/bioc/html/pathprint.html","3.10"
"PathwaySplice","https://bioconductor.org/packages/3.10/bioc/html/PathwaySplice.html","3.10"
"PGA","https://bioconductor.org/packages/3.11/bioc/html/PGA.html","3.10"
"PGSEA","https://bioconductor.org/packages/3.10/bioc/html/PGSEA.html","3.10"
"plrs","https://bioconductor.org/packages/3.10/bioc/html/plrs.html","3.10"
"prada","https://bioconductor.org/packages/3.10/bioc/html/prada.html","3.10"
"Prize","https://bioconductor.org/packages/3.10/bioc/html/Prize.html","3.10"
"Rariant","https://bioconductor.org/packages/3.12/bioc/html/Rariant.html","3.10"
"reb","https://bioconductor.org/packages/3.10/bioc/html/reb.html","3.10"
"Roleswitch","https://bioconductor.org/packages/3.10/bioc/html/Roleswitch.html","3.10"
"rTANDEM","https://bioconductor.org/packages/3.10/bioc/html/rTANDEM.html","3.10"
"sapFinder","https://bioconductor.org/packages/3.11/bioc/html/sapFinder.html","3.10"
"scsR","https://bioconductor.org/packages/3.10/bioc/html/scsR.html","3.10"
"shinyTANDEM","https://bioconductor.org/packages/3.11/bioc/html/shinyTANDEM.html","3.10"
"sigaR","https://bioconductor.org/packages/3.10/bioc/html/sigaR.html","3.10"
"signet","https://bioconductor.org/packages/3.10/bioc/html/signet.html","3.10"
"simpleaffy","https://bioconductor.org/packages/3.11/bioc/html/simpleaffy.html","3.10"
"spotSegmentation","https://bioconductor.org/packages/3.10/bioc/html/spotSegmentation.html","3.10"
"Starr","https://bioconductor.org/packages/3.10/bioc/html/Starr.html","3.10"
"SVAPLSseq","https://bioconductor.org/packages/3.10/bioc/html/SVAPLSseq.html","3.10"
"TxRegInfra","https://bioconductor.org/packages/3.12/bioc/html/TxRegInfra.html","3.10"
"xps","https://bioconductor.org/packages/3.10/bioc/html/xps.html","3.10"
"flowFitExampleData","https://bioconductor.org/packages/3.12/data/experiment/html/flowFitExampleData.html","3.10"
"FunciSNP.data","https://bioconductor.org/packages/3.11/data/experiment/html/FunciSNP.data.html","3.10"
"geuvPack","https://bioconductor.org/packages/3.12/data/experiment/html/geuvPack.html","3.10"
"geuvStore2","https://bioconductor.org/packages/3.12/data/experiment/html/geuvStore2.html","3.10"
"GGdata","https://bioconductor.org/packages/3.12/data/experiment/html/GGdata.html","3.10"
"mitoODEdata","https://bioconductor.org/packages/3.12/data/experiment/html/mitoODEdata.html","3.10"
"Mulder2012","https://bioconductor.org/packages/3.10/data/experiment/html/Mulder2012.html","3.10"
"methyvimData","https://bioconductor.org/packages/3.12/data/experiment/html/methyvimData.html","3.10"
"pathprintGEOData","https://bioconductor.org/packages/3.12/data/experiment/html/pathprintGEOData.html","3.10"
"pcaGoPromoter.Hs.hg19","https://bioconductor.org/packages/3.12/data/experiment/html/pcaGoPromoter.Hs.hg19.html","3.10"
"pcaGoPromoter.Mm.mm9","https://bioconductor.org/packages/3.12/data/experiment/html/pcaGoPromoter.Mm.mm9.html","3.10"
"pcaGoPromoter.Rn.rn4","https://bioconductor.org/packages/3.12/data/experiment/html/pcaGoPromoter.Rn.rn4.html","3.10"
"waveTilingData","https://bioconductor.org/packages/3.12/data/experiment/html/waveTilingData.html","3.10"
"yriMulti","https://bioconductor.org/packages/3.12/data/experiment/html/yriMulti.html","3.10"
"QUALIFIER","https://bioconductor.org/packages/3.10/bioc/html/QUALIFIER.html","3.10"
"motifRG","https://bioconductor.org/packages/3.10/bioc/html/motifRG.html","3.10"
"triform","https://bioconductor.org/packages/3.10/bioc/html/triform.html","3.10"
"CVE","https://bioconductor.org/packages/3.10/bioc/html/CVE.html","3.10"
"proteoQC","https://bioconductor.org/packages/3.10/bioc/html/proteoQC.html","3.10"
"affypdnn","https://bioconductor.org/packages/3.10/bioc/html/affypdnn.html","3.10"
"splicegear","https://bioconductor.org/packages/3.10/bioc/html/splicegear.html","3.10"
"Genominator","https://bioconductor.org/packages/3.10/bioc/html/Genominator.html","3.10"
"IdMappingAnalysis","https://bioconductor.org/packages/3.10/bioc/html/IdMappingAnalysis.html","3.10"
"IdMappingRetrieval","https://bioconductor.org/packages/3.10/bioc/html/IdMappingRetrieval.html","3.10"
"manta","https://bioconductor.org/packages/3.10/bioc/html/manta.html","3.10"
"RefNet","https://bioconductor.org/packages/3.10/bioc/html/RefNet.html","3.10"
"AnalysisPageServer","https://bioconductor.org/packages/3.10/bioc/html/AnalysisPageServer.html","3.10"
"scfind","https://bioconductor.org/packages/3.10/bioc/html/scfind.html","3.10"
"kimod","https://bioconductor.org/packages/3.10/bioc/html/kimod.html","3.10"
"plw","https://bioconductor.org/packages/3.10/bioc/html/plw.html","3.10"
"cobindR","https://bioconductor.org/packages/3.10/bioc/html/cobindR.html","3.10"
"LMGene","https://bioconductor.org/packages/3.10/bioc/html/LMGene.html","3.10"
"sRAP","https://bioconductor.org/packages/3.10/bioc/html/sRAP.html","3.10"
"gCMAP","https://bioconductor.org/packages/3.11/bioc/html/gCMAP.html","3.10"
"gCMAPWeb","https://bioconductor.org/packages/3.10/bioc/html/gCMAPWeb.html","3.10"
"DChIPRep","https://bioconductor.org/packages/3.11/bioc/html/DChIPRep.html","3.10"
"CTDquerier","https://bioconductor.org/packages/3.10/bioc/html/CTDquerier.html","3.10"
"MTseeker","https://bioconductor.org/packages/3.10/bioc/html/MTseeker.html","3.10"
"readat","https://bioconductor.org/packages/3.10/bioc/html/readat.html","3.10"
"anamiR","https://bioconductor.org/packages/3.10/bioc/html/anamiR.html","3.10"
"CALIB","https://bioconductor.org/packages/3.10/bioc/html/CALIB.html","3.10"
"cellGrowth","https://bioconductor.org/packages/3.10/bioc/html/cellGrowth.html","3.10"
"chroGPS","https://bioconductor.org/packages/3.10/bioc/html/chroGPS.html","3.10"
"DEDS","https://bioconductor.org/packages/3.10/bioc/html/DEDS.html","3.10"
"LVSmiRNA","https://bioconductor.org/packages/3.10/bioc/html/LVSmiRNA.html","3.10"
"MCRestimate","https://bioconductor.org/packages/3.10/bioc/html/MCRestimate.html","3.10"
"nem","https://bioconductor.org/packages/3.10/bioc/html/nem.html","3.10"
"PAPi","https://bioconductor.org/packages/3.10/bioc/html/PAPi.html","3.10"
"pcaGoPromoter","https://bioconductor.org/packages/3.10/bioc/html/pcaGoPromoter.html","3.10"
"pint","https://bioconductor.org/packages/3.10/bioc/html/pint.html","3.10"
"RIPSeeker","https://bioconductor.org/packages/3.10/bioc/html/RIPSeeker.html","3.10"
"SANTA","https://bioconductor.org/packages/3.10/bioc/html/SANTA.html","3.10"
"waveTiling","https://bioconductor.org/packages/3.10/bioc/html/waveTiling.html","3.10"
"BayesPeak","https://bioconductor.org/packages/3.10/bioc/html/BayesPeak.html","3.10"
"bgafun","https://bioconductor.org/packages/3.10/bioc/html/bgafun.html","3.10"
"lol","https://bioconductor.org/packages/3.10/bioc/html/lol.html","3.10"
"M3D","https://bioconductor.org/packages/3.11/bioc/html/M3D.html","3.10"
"MergeMaid","https://bioconductor.org/packages/3.10/bioc/html/MergeMaid.html","3.10"
"IPPD","https://bioconductor.org/packages/3.10/bioc/html/IPPD.html","3.10"
"biosvd","https://bioconductor.org/packages/3.10/bioc/html/biosvd.html","3.10"
"birta","https://bioconductor.org/packages/3.10/bioc/html/birta.html","3.10"
"DupChecker","https://bioconductor.org/packages/3.10/bioc/html/DupChecker.html","3.10"
"FEM","https://bioconductor.org/packages/3.10/bioc/html/FEM.html","3.10"
"geecc","https://bioconductor.org/packages/3.10/bioc/html/geecc.html","3.10"
"MaxContrastProjection","https://bioconductor.org/packages/3.10/bioc/html/MaxContrastProjection.html","3.10"
"mitoODE","https://bioconductor.org/packages/3.11/bioc/html/mitoODE.html","3.10"
"MoPS","https://bioconductor.org/packages/3.10/bioc/html/MoPS.html","3.10"
"PowerExplorer","https://bioconductor.org/packages/3.10/bioc/html/PowerExplorer.html","3.10"
"Vega","https://bioconductor.org/packages/3.10/bioc/html/Vega.html","3.10"
"SNPchip","https://bioconductor.org/packages/3.10/bioc/html/SNPchip.html","3.10"
"GenomeGraphs","https://bioconductor.org/packages/3.10/bioc/html/GenomeGraphs.html","3.10"
"HTSanalyzeR","https://bioconductor.org/packages/3.10/bioc/html/HTSanalyzeR.html","3.10"
"Rchemcpp","https://bioconductor.org/packages/3.9/bioc/html/Rchemcpp.html","3.10"
"charm","https://bioconductor.org/packages/3.9/bioc/html/charm.html","3.10"
"Pbase","https://bioconductor.org/packages/3.10/bioc/html/Pbase.html","3.10"
"dSimer","https://bioconductor.org/packages/3.8/bioc/html/dSimer.html","3.10"
"flipflop","https://bioconductor.org/packages/3.8/bioc/html/flipflop.html","3.10"
"exomePeak","https://bioconductor.org/packages/3.9/bioc/html/exomePeak.html","3.10"
"CNPBayes","https://bioconductor.org/packages/3.9/bioc/html/CNPBayes.html","3.10"
"brainImageR","https://bioconductor.org/packages/3.9/bioc/html/brainImageR.html","3.10"
"plateCore","https://bioconductor.org/packages/3.9/bioc/html/plateCore.html","3.10"
"rHVDM","https://bioconductor.org/packages/3.9/bioc/html/rHVDM.html","3.10"
"SEPA","https://bioconductor.org/packages/3.9/bioc/html/SEPA.html","3.10"
"condcomp","https://bioconductor.org/packages/3.9/bioc/html/condcomp.html","3.10"
"birte","https://bioconductor.org/packages/3.8/bioc/html/birte.html","3.10"
"mlm4omics","https://bioconductor.org/packages/3.10/bioc/html/mlm4omics.html","3.10"
"RnaSeqSampleSize","https://bioconductor.org/packages/3.10/bioc/html/RnaSeqSampleSize.html","3.10"
"CAMTHC","https://bioconductor.org/packages/3.10/bioc/html/CAMTHC.html","3.10"
"charmData","https://bioconductor.org/packages/3.10/data/experiment/html/charmData.html","3.10"
"facopy.annot","https://bioconductor.org/packages/3.10/data/experiment/html/facopy.annot.html","3.10"
"allenpvc","https://bioconductor.org/packages/3.10/data/experiment/html/allenpvc.html","3.10"
"MafDb.gnomADex.r2.0.1.GRCh38","https://bioconductor.org/packages/3.10/data/annotation/html/MafDb.gnomADex.r2.0.1.GRCh38.html","3.10"
"MafDb.gnomAD.r2.0.1.GRCh38","https://bioconductor.org/packages/3.10/data/annotation/html/MafDb.gnomAD.r2.0.1.GRCh38.html","3.10"
"MafDb.gnomADex.r2.0.1.hs37d5","https://bioconductor.org/packages/3.10/data/annotation/html/MafDb.gnomADex.r2.0.1.hs37d5.html","3.10"
"MafDb.gnomAD.r2.0.1.hs37d5","https://bioconductor.org/packages/3.10/data/annotation/html/MafDb.gnomAD.r2.0.1.hs37d5.html","3.10"
"MafDb.ESP6500SI.V2.SSA137.hs37d5","https://bioconductor.org/packages/3.10/data/annotation/html/MafDb.ESP6500SI.V2.SSA137.hs37d5.html","3.10"
"MafDb.EXP6500SI.V2.SSA137.GRCh38","https://bioconductor.org/packages/3.10/data/annotation/html/MafDb.EXP6500SI.V2.SSA137.GRCh38.html","3.10"
"SNPchip","https://bioconductor.org/packages/3.10/bioc/html/SNPchip.html","3.9"
"GenomeGraphs","https://bioconductor.org/packages/3.10/bioc/html/GenomeGraphs.html","3.9"
"HTSanalyzeR","https://bioconductor.org/packages/3.10/bioc/html/HTSanalyzeR.html","3.9"
"Rchemcpp","https://bioconductor.org/packages/3.9/bioc/html/Rchemcpp.html","3.9"
"charm","https://bioconductor.org/packages/3.9/bioc/html/charm.html","3.9"
"Pbase","https://bioconductor.org/packages/3.10/bioc/html/Pbase.html","3.9"
"dSimer","https://bioconductor.org/packages/3.8/bioc/html/dSimer.html","3.9"
"flipflop","https://bioconductor.org/packages/3.8/bioc/html/flipflop.html","3.9"
"exomePeak","https://bioconductor.org/packages/3.9/bioc/html/exomePeak.html","3.9"
"CNPBayes","https://bioconductor.org/packages/3.9/bioc/html/CNPBayes.html","3.9"
"brainImageR","https://bioconductor.org/packages/3.9/bioc/html/brainImageR.html","3.9"
"plateCore","https://bioconductor.org/packages/3.9/bioc/html/plateCore.html","3.9"
"rHVDM","https://bioconductor.org/packages/3.9/bioc/html/rHVDM.html","3.9"
"SEPA","https://bioconductor.org/packages/3.9/bioc/html/SEPA.html","3.9"
"condcomp","https://bioconductor.org/packages/3.9/bioc/html/condcomp.html","3.9"
"birte","https://bioconductor.org/packages/3.8/bioc/html/birte.html","3.9"
"mlm4omics","https://bioconductor.org/packages/3.10/bioc/html/mlm4omics.html","3.9"
"RnaSeqSampleSize","https://bioconductor.org/packages/3.10/bioc/html/RnaSeqSampleSize.html","3.9"
"CAMTHC","https://bioconductor.org/packages/3.10/bioc/html/CAMTHC.html","3.9"
"flowQ","https://bioconductor.org/packages/3.7/bioc/html/flowQ.html","3.9"
"flowQB","https://bioconductor.org/packages/3.8/bioc/html/flowQB.html","3.9"
"ProCoNA","https://bioconductor.org/packages/3.7/bioc/html/ProCoNA.html","3.9"
"htSeqTools","https://bioconductor.org/packages/3.8/bioc/html/htSeqTools.html","3.9"
"rMAT","https://bioconductor.org/packages/3.8/bioc/html/rMAT.html","3.9"
"TSSi","https://bioconductor.org/packages/3.8/bioc/html/TSSi.html","3.9"
"NGScopy","https://bioconductor.org/packages/3.8/bioc/html/NGScopy.html","3.9"
"spliceSites","https://bioconductor.org/packages/3.8/bioc/html/spliceSites.html","3.9"
"SVM2CRM","https://bioconductor.org/packages/3.8/bioc/html/SVM2CRM.html","3.9"
"rSFFreader","https://bioconductor.org/packages/3.8/bioc/html/rSFFreader.html","3.9"
"DOQTL","https://bioconductor.org/packages/3.8/bioc/html/DOQTL.html","3.9"
"miRsponge","https://bioconductor.org/packages/3.9/bioc/html/miRsponge.html","3.9"
"PGPC","https://bioconductor.org/packages/3.7/data/experiment/html/PGPC.html","3.9"
"flowQBData","https://bioconductor.org/packages/3.9/data/experiment/html/flowQBData.html","3.9"
"SNPchip","https://bioconductor.org/packages/3.10/bioc/html/SNPchip.html","3.8"
"GenomeGraphs","https://bioconductor.org/packages/3.10/bioc/html/GenomeGraphs.html","3.8"
"HTSanalyzeR","https://bioconductor.org/packages/3.10/bioc/html/HTSanalyzeR.html","3.8"
"Rchemcpp","https://bioconductor.org/packages/3.9/bioc/html/Rchemcpp.html","3.8"
"charm","https://bioconductor.org/packages/3.9/bioc/html/charm.html","3.8"
"Pbase","https://bioconductor.org/packages/3.10/bioc/html/Pbase.html","3.8"
"dSimer","https://bioconductor.org/packages/3.8/bioc/html/dSimer.html","3.8"
"flipflop","https://bioconductor.org/packages/3.8/bioc/html/flipflop.html","3.8"
"exomePeak","https://bioconductor.org/packages/3.9/bioc/html/exomePeak.html","3.8"
"CNPBayes","https://bioconductor.org/packages/3.9/bioc/html/CNPBayes.html","3.8"
"brainImageR","https://bioconductor.org/packages/3.9/bioc/html/brainImageR.html","3.8"
"plateCore","https://bioconductor.org/packages/3.9/bioc/html/plateCore.html","3.8"
"rHVDM","https://bioconductor.org/packages/3.9/bioc/html/rHVDM.html","3.8"
"SEPA","https://bioconductor.org/packages/3.9/bioc/html/SEPA.html","3.8"
"condcomp","https://bioconductor.org/packages/3.9/bioc/html/condcomp.html","3.8"
"birte","https://bioconductor.org/packages/3.8/bioc/html/birte.html","3.8"
"mlm4omics","https://bioconductor.org/packages/3.10/bioc/html/mlm4omics.html","3.8"
"RnaSeqSampleSize","https://bioconductor.org/packages/3.10/bioc/html/RnaSeqSampleSize.html","3.8"
"CAMTHC","https://bioconductor.org/packages/3.10/bioc/html/CAMTHC.html","3.8"
"flowQ","https://bioconductor.org/packages/3.7/bioc/html/flowQ.html","3.8"
"flowQB","https://bioconductor.org/packages/3.8/bioc/html/flowQB.html","3.8"
"ProCoNA","https://bioconductor.org/packages/3.7/bioc/html/ProCoNA.html","3.8"
"htSeqTools","https://bioconductor.org/packages/3.8/bioc/html/htSeqTools.html","3.8"
"rMAT","https://bioconductor.org/packages/3.8/bioc/html/rMAT.html","3.8"
"TSSi","https://bioconductor.org/packages/3.8/bioc/html/TSSi.html","3.8"
"NGScopy","https://bioconductor.org/packages/3.8/bioc/html/NGScopy.html","3.8"
"spliceSites","https://bioconductor.org/packages/3.8/bioc/html/spliceSites.html","3.8"
"SVM2CRM","https://bioconductor.org/packages/3.8/bioc/html/SVM2CRM.html","3.8"
"rSFFreader","https://bioconductor.org/packages/3.8/bioc/html/rSFFreader.html","3.8"
"DOQTL","https://bioconductor.org/packages/3.8/bioc/html/DOQTL.html","3.8"
"miRsponge","https://bioconductor.org/packages/3.9/bioc/html/miRsponge.html","3.8"
"flowQ","https://bioconductor.org/packages/3.7/bioc/html/flowQ.html","3.7"
"flowQB","https://bioconductor.org/packages/3.8/bioc/html/flowQB.html","3.7"
"ProCoNA","https://bioconductor.org/packages/3.7/bioc/html/ProCoNA.html","3.7"
"htSeqTools","https://bioconductor.org/packages/3.8/bioc/html/htSeqTools.html","3.7"
"rMAT","https://bioconductor.org/packages/3.8/bioc/html/rMAT.html","3.7"
"TSSi","https://bioconductor.org/packages/3.8/bioc/html/TSSi.html","3.7"
"NGScopy","https://bioconductor.org/packages/3.8/bioc/html/NGScopy.html","3.7"
"spliceSites","https://bioconductor.org/packages/3.8/bioc/html/spliceSites.html","3.7"
"SVM2CRM","https://bioconductor.org/packages/3.8/bioc/html/SVM2CRM.html","3.7"
"rSFFreader","https://bioconductor.org/packages/3.8/bioc/html/rSFFreader.html","3.7"
"DOQTL","https://bioconductor.org/packages/3.8/bioc/html/DOQTL.html","3.7"
"miRsponge","https://bioconductor.org/packages/3.9/bioc/html/miRsponge.html","3.7"
"PGPC","https://bioconductor.org/packages/3.7/data/experiment/html/PGPC.html","3.7"
"flowQBData","https://bioconductor.org/packages/3.9/data/experiment/html/flowQBData.html","3.7"
"ampliQueso","https://bioconductor.org/packages/3.6/bioc/html/ampliQueso.html","3.7"
"BiocInstaller","https://bioconductor.org/packages/3.7/bioc/html/BiocInstaller.html","3.7"
"cytofkit","https://bioconductor.org/packages/3.6/bioc/html/cytofkit.html","3.7"
"facopy","https://bioconductor.org/packages/3.6/bioc/html/facopy.html","3.7"
"gaucho","https://bioconductor.org/packages/3.6/bioc/html/gaucho.html","3.7"
"GeneSelector","https://bioconductor.org/packages/3.6/bioc/html/GeneSelector.html","3.7"
"GoogleGenomics","https://bioconductor.org/packages/3.7/bioc/html/GoogleGenomics.html","3.7"
"IrisSpatialFeatures","https://bioconductor.org/packages/3.7/bioc/html/IrisSpatialFeatures.html","3.7"
"mQTL.NMR","https://bioconductor.org/packages/3.6/bioc/html/mQTL.NMR.html","3.7"
"nudge","https://bioconductor.org/packages/3.6/bioc/html/nudge.html","3.7"
"pbcmc","https://bioconductor.org/packages/3.6/bioc/html/pbcmc.html","3.7"
"prot2D","https://bioconductor.org/packages/3.6/bioc/html/prot2D.html","3.7"
"RamiGO","https://bioconductor.org/packages/3.5/bioc/html/RamiGO.html","3.7"
"iontreeData","https://bioconductor.org/packages/3.7/data/experiment/html/iontreeData.html","3.7"
"MSBdata","https://bioconductor.org/packages/3.7/data/experiment/html/MSBdata.html","3.7"
"BrowserVizDemo","https://bioconductor.org/packages/3.4/bioc/html/BrowserVizDemo.html","3.7"
"DASC","https://bioconductor.org/packages/3.6/bioc/html/DASC.html","3.7"
"mvGST","https://bioconductor.org/packages/3.6/bioc/html/mvGST.html","3.7"
"ontoCAT","https://bioconductor.org/packages/3.4/bioc/html/ontoCAT.html","3.7"
"OperaMate","https://bioconductor.org/packages/3.4/bioc/html/OperaMate.html","3.7"
"PAnnBuilder","https://bioconductor.org/packages/3.4/bioc/html/PAnnBuilder.html","3.7"
"phenoDist","https://bioconductor.org/packages/3.4/bioc/html/phenoDist.html","3.7"
"spliceR","https://bioconductor.org/packages/3.7/bioc/html/spliceR.html","3.7"
"cheung2010","https://bioconductor.org/packages/3.7/data/experiment/html/cheung2010.html","3.7"
"MEALData","https://bioconductor.org/packages/3.7/data/experiment/html/MEALData.html","3.7"
"RnaSeqTutorial","https://bioconductor.org/packages/3.4/data/experiment/html/RnaSeqTutorial.html","3.7"
"ampliQueso","https://bioconductor.org/packages/3.6/bioc/html/ampliQueso.html","3.6"
"BiocInstaller","https://bioconductor.org/packages/3.7/bioc/html/BiocInstaller.html","3.6"
"cytofkit","https://bioconductor.org/packages/3.6/bioc/html/cytofkit.html","3.6"
"facopy","https://bioconductor.org/packages/3.6/bioc/html/facopy.html","3.6"
"gaucho","https://bioconductor.org/packages/3.6/bioc/html/gaucho.html","3.6"
"GeneSelector","https://bioconductor.org/packages/3.6/bioc/html/GeneSelector.html","3.6"
"GoogleGenomics","https://bioconductor.org/packages/3.7/bioc/html/GoogleGenomics.html","3.6"
"IrisSpatialFeatures","https://bioconductor.org/packages/3.7/bioc/html/IrisSpatialFeatures.html","3.6"
"mQTL.NMR","https://bioconductor.org/packages/3.6/bioc/html/mQTL.NMR.html","3.6"
"nudge","https://bioconductor.org/packages/3.6/bioc/html/nudge.html","3.6"
"pbcmc","https://bioconductor.org/packages/3.6/bioc/html/pbcmc.html","3.6"
"prot2D","https://bioconductor.org/packages/3.6/bioc/html/prot2D.html","3.6"
"RamiGO","https://bioconductor.org/packages/3.5/bioc/html/RamiGO.html","3.6"
"BrowserVizDemo","https://bioconductor.org/packages/3.4/bioc/html/BrowserVizDemo.html","3.6"
"DASC","https://bioconductor.org/packages/3.6/bioc/html/DASC.html","3.6"
"mvGST","https://bioconductor.org/packages/3.6/bioc/html/mvGST.html","3.6"
"ontoCAT","https://bioconductor.org/packages/3.4/bioc/html/ontoCAT.html","3.6"
"OperaMate","https://bioconductor.org/packages/3.4/bioc/html/OperaMate.html","3.6"
"PAnnBuilder","https://bioconductor.org/packages/3.4/bioc/html/PAnnBuilder.html","3.6"
"phenoDist","https://bioconductor.org/packages/3.4/bioc/html/phenoDist.html","3.6"
"spliceR","https://bioconductor.org/packages/3.7/bioc/html/spliceR.html","3.6"
"BioMedR","https://bioconductor.org/packages/3.5/bioc/html/BioMedR.html","3.6"
"ddgraph","https://bioconductor.org/packages/3.4/bioc/html/ddgraph.html","3.6"
"domainsignatures","https://bioconductor.org/packages/3.6/bioc/html/domainsignatures.html","3.6"
"EWCE","https://bioconductor.org/packages/3.4/bioc/html/EWCE.html","3.6"
"HCsnip","https://bioconductor.org/packages/3.4/bioc/html/HCsnip.html","3.6"
"oneChannelGUI","https://bioconductor.org/packages/3.4/bioc/html/oneChannelGUI.html","3.6"
"stepwiseCM","https://bioconductor.org/packages/3.4/bioc/html/stepwiseCM.html","3.6"
"iontree","https://bioconductor.org/packages/3.6/bioc/html/iontree.html","3.6"
"RCytoscape","https://bioconductor.org/packages/3.4/bioc/html/RCytoscape.html","3.6"
"IlluminaHumanMethylation450k.db","https://bioconductor.org/packages/3.6/data/annotation/html/IlluminaHumanMethylation450k.db.html","3.6"
"ampliQueso","https://bioconductor.org/packages/3.6/bioc/html/ampliQueso.html","3.5"
"BiocInstaller","https://bioconductor.org/packages/3.7/bioc/html/BiocInstaller.html","3.5"
"cytofkit","https://bioconductor.org/packages/3.6/bioc/html/cytofkit.html","3.5"
"facopy","https://bioconductor.org/packages/3.6/bioc/html/facopy.html","3.5"
"gaucho","https://bioconductor.org/packages/3.6/bioc/html/gaucho.html","3.5"
"GeneSelector","https://bioconductor.org/packages/3.6/bioc/html/GeneSelector.html","3.5"
"GoogleGenomics","https://bioconductor.org/packages/3.7/bioc/html/GoogleGenomics.html","3.5"
"IrisSpatialFeatures","https://bioconductor.org/packages/3.7/bioc/html/IrisSpatialFeatures.html","3.5"
"mQTL.NMR","https://bioconductor.org/packages/3.6/bioc/html/mQTL.NMR.html","3.5"
"nudge","https://bioconductor.org/packages/3.6/bioc/html/nudge.html","3.5"
"pbcmc","https://bioconductor.org/packages/3.6/bioc/html/pbcmc.html","3.5"
"prot2D","https://bioconductor.org/packages/3.6/bioc/html/prot2D.html","3.5"
"RamiGO","https://bioconductor.org/packages/3.5/bioc/html/RamiGO.html","3.5"
"BioMedR","https://bioconductor.org/packages/3.5/bioc/html/BioMedR.html","3.5"
"ddgraph","https://bioconductor.org/packages/3.4/bioc/html/ddgraph.html","3.5"
"domainsignatures","https://bioconductor.org/packages/3.6/bioc/html/domainsignatures.html","3.5"
"EWCE","https://bioconductor.org/packages/3.4/bioc/html/EWCE.html","3.5"
"HCsnip","https://bioconductor.org/packages/3.4/bioc/html/HCsnip.html","3.5"
"oneChannelGUI","https://bioconductor.org/packages/3.4/bioc/html/oneChannelGUI.html","3.5"
"stepwiseCM","https://bioconductor.org/packages/3.4/bioc/html/stepwiseCM.html","3.5"
"iontree","https://bioconductor.org/packages/3.6/bioc/html/iontree.html","3.5"
"RCytoscape","https://bioconductor.org/packages/3.4/bioc/html/RCytoscape.html","3.5"
"BrowserVizDemo","https://bioconductor.org/packages/3.4/bioc/html/BrowserVizDemo.html","3.4"
"DASC","https://bioconductor.org/packages/3.6/bioc/html/DASC.html","3.4"
"mvGST","https://bioconductor.org/packages/3.6/bioc/html/mvGST.html","3.4"
"ontoCAT","https://bioconductor.org/packages/3.4/bioc/html/ontoCAT.html","3.4"
"OperaMate","https://bioconductor.org/packages/3.4/bioc/html/OperaMate.html","3.4"
"PAnnBuilder","https://bioconductor.org/packages/3.4/bioc/html/PAnnBuilder.html","3.4"
"phenoDist","https://bioconductor.org/packages/3.4/bioc/html/phenoDist.html","3.4"
"spliceR","https://bioconductor.org/packages/3.7/bioc/html/spliceR.html","3.4"
"cheung2010","https://bioconductor.org/packages/3.7/data/experiment/html/cheung2010.html","3.4"
"MEALData","https://bioconductor.org/packages/3.7/data/experiment/html/MEALData.html","3.4"
"RnaSeqTutorial","https://bioconductor.org/packages/3.4/data/experiment/html/RnaSeqTutorial.html","3.4"
"BioMedR","https://bioconductor.org/packages/3.5/bioc/html/BioMedR.html","3.4"
"ddgraph","https://bioconductor.org/packages/3.4/bioc/html/ddgraph.html","3.4"
"domainsignatures","https://bioconductor.org/packages/3.6/bioc/html/domainsignatures.html","3.4"
"EWCE","https://bioconductor.org/packages/3.4/bioc/html/EWCE.html","3.4"
"HCsnip","https://bioconductor.org/packages/3.4/bioc/html/HCsnip.html","3.4"
"oneChannelGUI","https://bioconductor.org/packages/3.4/bioc/html/oneChannelGUI.html","3.4"
"stepwiseCM","https://bioconductor.org/packages/3.4/bioc/html/stepwiseCM.html","3.4"
"iontree","https://bioconductor.org/packages/3.6/bioc/html/iontree.html","3.4"
"RCytoscape","https://bioconductor.org/packages/3.4/bioc/html/RCytoscape.html","3.4"
"AtlasRDF","https://bioconductor.org/packages/3.4/bioc/html/AtlasRDF.html","3.4"
"CopyNumber450k","https://bioconductor.org/packages/3.4/bioc/html/CopyNumber450k.html","3.4"
"coRNAi","https://bioconductor.org/packages/3.4/bioc/html/coRNAi.html","3.4"
"GENE.E","https://bioconductor.org/packages/3.4/bioc/html/GENE.E.html","3.4"
"GEOsearch","https://bioconductor.org/packages/3.4/bioc/html/GEOsearch.html","3.4"
"MeSHEim","https://bioconductor.org/packages/3.4/bioc/html/MeSHSim.html","3.4"
"mmnet","https://bioconductor.org/packages/3.4/bioc/html/mmnet.html","3.4"
"pdmclass","https://bioconductor.org/packages/3.4/bioc/html/pdmclass.html","3.4"
"saps","https://bioconductor.org/packages/3.4/bioc/html/saps.html","3.4"
"CopyNumber450kData","https://bioconductor.org/packages/3.4/data/experiment/html/CopyNumber450kData.html","3.4"
"betr","https://bioconductor.org/packages/3.4/bioc/html/betr.html","3.4"
"encoDnaseI","https://bioconductor.org/packages/3.4/data/experiment/html/encoDnaseI.html","3.4"
"ggtut","https://bioconductor.org/packages/3.2/data/experiment/html/ggtut.html","3.4"
"gahgu133a.db","https://bioconductor.org/packages/3.4/data/annotation/html/gahgu133a.db.html","3.4"
"gahgu133acdf","https://bioconductor.org/packages/3.4/data/annotation/html/gahgu133acdf.html","3.4"
"gahgu133aprobe","https://bioconductor.org/packages/3.4/data/annotation/html/gahgu133aprobe.html","3.4"
"gahgu133b.db","https://bioconductor.org/packages/3.4/data/annotation/html/gahgu133b.db.html","3.4"
"gahgu133bcdf","https://bioconductor.org/packages/3.4/data/annotation/html/gahgu133bcdf.html","3.4"
"gahgu133bprobe","https://bioconductor.org/packages/3.4/data/annotation/html/gahgu133bprobe.html","3.4"
"gahgu133plus2.db","https://bioconductor.org/packages/3.4/data/annotation/html/gahgu133plus2.db.html","3.4"
"gahgu133plus2cdf","https://bioconductor.org/packages/3.4/data/annotation/html/gahgu133plus2cdf.html","3.4"
"gahgu133plus2probe","https://bioconductor.org/packages/3.4/data/annotation/html/gahgu133plus2probe.html","3.4"
"gahgu95av2.db","https://bioconductor.org/packages/3.4/data/annotation/html/gahgu95av2.db.html","3.4"
"gahgu95av2cdf","https://bioconductor.org/packages/3.4/data/annotation/html/gahgu95av2cdf.html","3.4"
"gahgu95av2probe","https://bioconductor.org/packages/3.4/data/annotation/html/gahgu95av2probe.html","3.4"
"gahgu95b.db","https://bioconductor.org/packages/3.4/data/annotation/html/gahgu95b.db.html","3.4"
"gahgu95bcdf","https://bioconductor.org/packages/3.4/data/annotation/html/gahgu95bcdf.html","3.4"
"gahgu95bprobe","https://bioconductor.org/packages/3.4/data/annotation/html/gahgu95bprobe.html","3.4"
"gahgu95c.db","https://bioconductor.org/packages/3.4/data/annotation/html/gahgu95c.db.html","3.4"
"gahgu95ccdf","https://bioconductor.org/packages/3.4/data/annotation/html/gahgu95ccdf.html","3.4"
"gahgu95cprobe","https://bioconductor.org/packages/3.4/data/annotation/html/gahgu95cprobe.html","3.4"
"gahgu95d.db","https://bioconductor.org/packages/3.4/data/annotation/html/gahgu95d.db.html","3.4"
"gahgu95dcdf","https://bioconductor.org/packages/3.4/data/annotation/html/gahgu95dcdf.html","3.4"
"gahgu95dprobe","https://bioconductor.org/packages/3.4/data/annotation/html/gahgu95dprobe.html","3.4"
"gahgu95e.db","https://bioconductor.org/packages/3.4/data/annotation/html/gahgu95e.db.html","3.4"
"gahgu95ecdf","https://bioconductor.org/packages/3.4/data/annotation/html/gahgu95ecdf.html","3.4"
"gahgu95eprobe","https://bioconductor.org/packages/3.4/data/annotation/html/gahgu95eprobe.html","3.4"
"IlluminaHumanMethylation450k.db","https://bioconductor.org/packages/3.4/data/annotation/html/IlluminaHumanMethylation450k.db.html","3.4"
"org.Sco.eg.db.html","https://bioconductor.org/packages/3.4/data/annotation/html/org.Sco.eg.db.html","3.4"
"org.Tgondii.eg.db","https://bioconductor.org/packages/3.4/data/annotation/html/org.Tgondii.eg.db.html","3.4"
"AffyTiling","https://bioconductor.org/packages/3.1/bioc/html/AffyTiling.html","3.1"
"cellHTS","https://bioconductor.org/packages/3.2/bioc/html/cellHTS.html","3.1"
"DASiR","https://bioconductor.org/packages/3.1/bioc/html/DASiR.html","3.1"
"DAVIDQuery","https://bioconductor.org/packages/3.0/bioc/html/DAVIDQuery.html","3.1"
"GenoView","https://bioconductor.org/packages/3.0/bioc/html/GenoView.html","3.1"
"inSilicoDb","https://bioconductor.org/packages/3.1/bioc/html/inSilicoDb.html","3.1"
"inSilicoMerging","https://bioconductor.org/packages/3.1/bioc/html/inSilicoMerging.html","3.1"
"jmosaic","https://bioconductor.org/packages/3.2/bioc/html/jmosaics.html","3.1"
"metaX","https://bioconductor.org/packages/3.2/bioc/html/metaX.html","3.1"
"MMDiff","https://bioconductor.org/packages/3.2/bioc/html/MMDiff.html","3.1"
"neaGUI","https://bioconductor.org/packages/3.1/bioc/html/neaGUI.html","3.1"
"Rolexa","https://bioconductor.org/packages/3.1/bioc/html/Rolexa.html","3.1"
"RWebServices","https://bioconductor.org/packages/3.2/bioc/html/RWebServices.html","3.1"
"SJava","https://bioconductor.org/packages/3.2/bioc/html/SJava.html","3.1"
"SomaticCA","https://bioconductor.org/packages/3.2/bioc/html/SomatiCA.html","3.1"
"spade","https://bioconductor.org/packages/3.0/bioc/html/spade.html","3.1"
"AffyTiling","https://bioconductor.org/packages/3.1/bioc/html/AffyTiling.html","3.0"
"cellHTS","https://bioconductor.org/packages/3.2/bioc/html/cellHTS.html","3.0"
"DASiR","https://bioconductor.org/packages/3.1/bioc/html/DASiR.html","3.0"
"DAVIDQuery","https://bioconductor.org/packages/3.0/bioc/html/DAVIDQuery.html","3.0"
"GenoView","https://bioconductor.org/packages/3.0/bioc/html/GenoView.html","3.0"
"inSilicoDb","https://bioconductor.org/packages/3.1/bioc/html/inSilicoDb.html","3.0"
"inSilicoMerging","https://bioconductor.org/packages/3.1/bioc/html/inSilicoMerging.html","3.0"
"jmosaic","https://bioconductor.org/packages/3.2/bioc/html/jmosaics.html","3.0"
"metaX","https://bioconductor.org/packages/3.2/bioc/html/metaX.html","3.0"
"MMDiff","https://bioconductor.org/packages/3.2/bioc/html/MMDiff.html","3.0"
"neaGUI","https://bioconductor.org/packages/3.1/bioc/html/neaGUI.html","3.0"
"Rolexa","https://bioconductor.org/packages/3.1/bioc/html/Rolexa.html","3.0"
"RWebServices","https://bioconductor.org/packages/3.2/bioc/html/RWebServices.html","3.0"
"SJava","https://bioconductor.org/packages/3.2/bioc/html/SJava.html","3.0"
"SomaticCA","https://bioconductor.org/packages/3.2/bioc/html/SomatiCA.html","3.0"
"spade","https://bioconductor.org/packages/3.0/bioc/html/spade.html","3.0"
"asmn","https://bioconductor.org/packages/3.0/bioc/html/asmn.html","3.0"
"COPDSexualDimorphism","https://bioconductor.org/packages/3.0/bioc/html/COPDSexualDimorphism.html","3.0"
"DNaseR","https://bioconductor.org/packages/3.0/bioc/html/DNaseR.html","3.0"
"flowFlowJo","https://bioconductor.org/packages/3.0/bioc/html/flowFlowJo.html","3.0"
"flowPhyto","https://bioconductor.org/packages/3.0/bioc/html/flowPhyto.html","3.0"
"RMAPPER","https://bioconductor.org/packages/2.14/bioc/html/RMAPPER.html","2.14"
"virtualArray","https://bioconductor.org/packages/2.14/bioc/html/virtualArray.html","2.14"
"Agi4x44PreProcess","https://bioconductor.org/packages/2.13/bioc/html/Agi4x44PreProcess.html","2.13"
"maDB","https://bioconductor.org/packages/2.13/bioc/html/maDB.html","2.13"
"pgUtils","https://bioconductor.org/packages/2.13/bioc/html/pgUtils.html","2.13"
"dualKS","https://bioconductor.org/packages/2.12/bioc/html/dualKS.html","2.12"
"externalVector","https://bioconductor.org/packages/2.12/bioc/html/externalVector.html","2.12"
"GeneGroupAnalysis","https://bioconductor.org/packages/2.12/bioc/html/GeneGroupAnalysis.html","2.12"
"iFlow","https://bioconductor.org/packages/2.12/bioc/html/iFlow.html","2.12"
"KEGGSOAP","https://bioconductor.org/packages/2.12/bioc/html/KEGGSOAP.html","2.12"
"xmapcore","https://bioconductor.org/packages/2.12/bioc/html/xmapcore.html","2.12"
"cosmo","https://bioconductor.org/packages/2.10/bioc/html/cosmo.html","2.11"
"cosmoGUI","https://bioconductor.org/packages/2.11/bioc/html/cosmoGUI.html","2.11"
"gene2pathway","https://bioconductor.org/packages/2.11/bioc/html/gene2pathway.html","2.11"
"cosmo","https://bioconductor.org/packages/2.10/bioc/html/cosmo.html","2.10"
"cosmoGUI","https://bioconductor.org/packages/2.11/bioc/html/cosmoGUI.html","2.10"
"gene2pathway","https://bioconductor.org/packages/2.11/bioc/html/gene2pathway.html","2.10"
"PatientGeneSets","https://bioconductor.org/packages/2.10/bioc/html/PatientGeneSets.html","2.10"
"edd","https://bioconductor.org/packages/2.9/bioc/html/edd.html","2.9"
"GeneRfold","https://bioconductor.org/packages/2.9/bioc/html/GeneRfold.html","2.9"
"ontoTools","https://bioconductor.org/packages/2.9/bioc/html/ontoTools.html","2.9"
"GeneR","https://bioconductor.org/packages/2.9/bioc/html/GeneR.html","2.9"
"RMAGEML","https://bioconductor.org/packages/2.9/bioc/html/RMAGEML.html","2.9"
"RTooks4TB","https://bioconductor.org/packages/2.9/bioc/html/RTools4TB.html","2.9"
"GeneSpring","https://bioconductor.org/packages/2.8/bioc/html/GeneSpring.html","2.8"
"GeneTraffic","https://bioconductor.org/packages/2.8/bioc/html/GeneTraffic.html","2.8"
"makePlatformDesign","https://bioconductor.org/packages/2.8/bioc/html/makePlatformDesign.html","2.8"
"Rdbi","https://bioconductor.org/packages/2.8/bioc/html/Rdbi.html","2.8"
"RdbiPgSQL","https://bioconductor.org/packages/2.8/bioc/html/RdbiPgSQL.html","2.8"
"rflowcyt","https://bioconductor.org/packages/2.8/bioc/html/rflowcyt.html","2.8"
"Rredland","https://bioconductor.org/packages/2.8/bioc/html/Rredland.html","2.8"
"Ruuid","https://bioconductor.org/packages/2.8/bioc/html/Ruuid.html","2.8"
"simulatorAPMS","https://bioconductor.org/packages/2.8/bioc/html/simulatorAPMS.html","2.8"
"snpMatrix","https://bioconductor.org/packages/2.8/bioc/html/snpMatrix.html","2.8"
"exonmap","https://bioconductor.org/packages/2.7/bioc/html/exonmap.html","2.7"
"biocDatasets","https://bioconductor.org/packages/2.7/bioc/html/biocDatasets.html","2.7"
"matchprobes","https://bioconductor.org/packages/2.6/bioc/html/matchprobes.html","2.6"
"GeneticsBase","https://bioconductor.org/packages/2.6/bioc/html/GeneticsBase.html","2.6"
"fbat","https://bioconductor.org/packages/2.6/bioc/html/fbat.html","2.6"
"keggorth","https://bioconductor.org/packages/2.5/bioc/html/keggorth.html","2.5"
"keggorthology","https://bioconductor.org/packages/keggorthology/","2.5"
"stam","https://bioconductor.org/packages/2.4/bioc/html/stam.html","2.4"
"Rintact","https://bioconductor.org/packages/2.4/bioc/html/Rintact.html","2.4"
"AnnBuilder","https://bioconductor.org/packages/2.3/bioc/html/AnnBuilder.html","2.3"
"RSNPer","https://bioconductor.org/packages/2.3/bioc/html/RSNPper.html","2.3"
"SemSim","https://bioconductor.org/packages/2.2/bioc/html/SemSim.html","2.2"
"WidgetInvoke","https://bioconductor.org/packages/2.2/bioc/html/widgetInvoke.html","2.2"
"SAGElyzer","https://bioconductor.org/packages/2.1/bioc/html/SAGElyzer.html","2.1"
"GeneTS","https://bioconductor.org/packages/2.1/bioc/html/GeneTS.html","2.1"
"arrayMagic","https://bioconductor.org/packages/2.1/bioc/html/arrayMagic.html","2.1"
"chromoViz","https://bioconductor.org/packages/2.1/bioc/html/ChromoViz.html","2.1"
"iSPlot","https://bioconductor.org/packages/2.1/bioc/html/iSPlot.html","2.1"
"iSNetword","https://bioconductor.org/packages/2.1/bioc/html/iSNetwork.html","2.1"
"bim","https://bioconductor.org/packages/1.9/bioc/html/bim.html","2.0"
"arrayQCplot","https://bioconductor.org/packages/2.0/bioc/html/arrayQCplot.html","2.0"
"bim","https://bioconductor.org/packages/1.9/bioc/html/bim.html","1.9"
"arrayQCplot","https://bioconductor.org/packages/2.0/bioc/html/arrayQCplot.html","1.9"
"gff3Plotter","https://bioconductor.org/packages/1.9/bioc/html/gff3Plotter.html","1.9"
"mmgmos","https://bioconductor.org/packages/1.9/bioc/html/mmgmos.html","1.9"
"applera","https://bioconductor.org/packages/1.9/bioc/html/applera.html","1.9"
