"package","url","version"
"DEP","/packages/3.21/bioc/html/DEP.html","3.21"
"gpuMagic","/packages/3.21/bioc/html/gpuMagic.html","3.21"
"hiAnnotator","/packages/3.21/bioc/html/hiAnnotator.html","3.21"
"hiReadsProcessor","/packages/3.21/bioc/html/hiReadsProcessor.html","3.21"
"interactiveDisplay","/packages/3.21/bioc/html/interactiveDisplay.html","3.21"
"interactiveDisplayBase","/packages/3.21/bioc/html/interactiveDisplayBase.html","3.21"
"Repitools","/packages/3.21/bioc/html/Repitools.html","3.21"
"rRDP","/packages/3.21/bioc/html/rRDP.html","3.21"
"Streamer","/packages/3.21/bioc/html/Streamer.html","3.21"
"bgx","/packages/3.19/bioc/html/bgx.html","3.21"
"BiGGR","/packages/3.21/bioc/html/BiGGR.html","3.21"
"biodbHmdb","/packages/3.21/bioc/html/biodbHmdb.html","3.21"
"biodbNci","/packages/3.21/bioc/html/biodbNci.html","3.21"
"biodbNcbi","/packages/3.21/bioc/html/biodbNcbi.html","3.21"
"biodbUniprot","/packages/3.21/bioc/html/biodbUniprot.html","3.21"
"ccmap","/packages/3.21/bioc/html/ccmap.html","3.21"
"CellScore","/packages/3.20/bioc/html/CellScore.html","3.21"
"CINdex","/packages/3.21/bioc/html/CINdex.html","3.21"
"cisPath","/packages/3.21/bioc/html/cisPath.html","3.21"
"Harshlight","/packages/3.20/bioc/html/Harshlight.html","3.21"
"hypeR","/packages/3.20/bioc/html/hypeR.html","3.21"
"lapmix","/packages/3.20/bioc/html/lapmix.html","3.21"
"LinTInd","/packages/3.21/bioc/html/LinTInd.html","3.21"
"lute","/packages/3.21/bioc/html/lute.html","3.21"
"MADSEQ","/packages/3.21/bioc/html/MADSEQ.html","3.21"
"netZooR","/packages/3.20/bioc/html/netZooR.html","3.21"
"oppti","/packages/3.20/bioc/html/oppti.html","3.21"
"PhenStat","/packages/3.21/bioc/html/PhenStat.html","3.21"
"qckitfastq","/packages/3.21/bioc/html/qckitfastq.html","3.21"
"ReactomeGraph4R","/packages/3.19/bioc/html/ReactomeGraph4R.html","3.21"
"Rfastp","/packages/3.21/bioc/html/Rfastp.html","3.21"
"rGADEM","/packages/3.21/bioc/html/rGADEM.html","3.21"
"SARC","/packages/3.21/bioc/html/SARC.html","3.21"
"seqArchR","/packages/3.20/bioc/html/seqArchR.html","3.21"
"seqArchRplus","/packages/3.21/bioc/html/seqArchRplus.html","3.21"
"seqTools","/packages/3.21/bioc/html/seqTools.html","3.21"
"TitanCNA","/packages/3.20/bioc/html/TitanCNA.html","3.21"
"TransView","/packages/3.19/bioc/html/TransView.html","3.21"
"traviz","/packages/3.19/bioc/html/traviz.html","3.21"
"XNAString","/packages/3.20/bioc/html/XNAString.html","3.21"
"rRDPData","/packages/3.21/data/experiment/html/rRDPData.html","3.21"
"AneuFinderData","/packages/3.21/data/experiment/html/AneuFinderData.html","3.21"
"chromstaRData","/packages/3.21/data/experiment/html/chromstaRData.html","3.21"
"curatedCRCData","/packages/3.19/data/experiment/html/curatedCRCData.html","3.21"
"RGMQLlib","/packages/3.21/data/experiment/html/RGMQLlib.html","3.21"
"spicyWorkflow","/packages/3.21/workflows/html/spicyWorkflow.html","3.21"
"Director","/packages/3.21/bioc/html/Director.html","3.21"
"erma","/packages/3.21/bioc/html/erma.html","3.21"
"girafe","/packages/3.21/bioc/html/girafe.html","3.21"
"RBioinf","/packages/3.21/bioc/html/RBioinf.html","3.21"
"Rtreemix","/packages/3.20/bioc/html/Rtreemix.html","3.21"
"synapter","/packages/3.20/bioc/html/synapter.html","3.21"
"zlibbioc","/packages/3.21/bioc/html/zlibbioc.html","3.21"
"AneuFinder","/packages/3.20/bioc/html/AneuFinder.html","3.21"
"BEARscc","/packages/3.19/bioc/html/BEARscc.html","3.21"
"CBEA","/packages/3.20/bioc/html/CBEA.html","3.21"
"chromstaR","/packages/3.20/bioc/html/chromstaR.html","3.21"
"coMET","/packages/3.18/bioc/html/coMET.html","3.21"
"crossmeta","/packages/3.19/bioc/html/crossmeta.html","3.21"
"dce","/packages/3.20/bioc/html/dce.html","3.21"
"DeProViR","/packages/3.19/bioc/html/DeProViR.html","3.21"
"DIAlignR","/packages/3.19/bioc/html/DIAlignR.html","3.21"
"GeneGeneInteR","/packages/3.20/bioc/html/GeneGeneInteR.html","3.21"
"genoCN","/packages/3.20/bioc/html/genoCN.html","3.21"
"gespeR","/packages/3.19/bioc/html/gespeR.html","3.21"
"GraphPAC","/packages/3.19/bioc/html/GraphPAC.html","3.21"
"HTSeqGenie","/packages/3.19/bioc/html/HTSeqGenie.html","3.21"
"iPAC","/packages/3.19/bioc/html/iPAC.html","3.21"
"MAGeCKFlute","/packages/3.20/bioc/html/MAGeCKFlute.html","3.21"
"netDx","/packages/3.17/bioc/html/netDx.html","3.21"
"NeuCA","/packages/3.19/bioc/html/NeuCA.html","3.21"
"PanViz","/packages/3.19/bioc/html/PanViz.html","3.21"
"pareg","/packages/3.19/bioc/html/pareg.html","3.21"
"paxtoolsr","/packages/3.19/bioc/html/paxtoolsr.html","3.21"
"PICS","/packages/3.20/bioc/html/PICS.html","3.21"
"PING","/packages/3.20/bioc/html/PING.html","3.21"
"QuartPAC","/packages/3.19/bioc/html/QuartPAC.html","3.21"
"ReactomeContentService4R","/packages/3.19/bioc/html/ReactomeContentService4R.html","3.21"
"RGMQL","/packages/3.16/bioc/html/RGMQL.html","3.21"
"SpacePAC","/packages/3.19/bioc/html/SpacePAC.html","3.21"
"staRank","/packages/3.19/bioc/html/staRank.html","3.21"
"STdeconvolve","/packages/3.19/bioc/html/STdeconvolve.html","3.21"
"supraHex","/packages/3.19/bioc/html/supraHex.html","3.21"
"trigger","/packages/3.20/bioc/html/trigger.html","3.21"
"TypeInfo","/packages/3.19/bioc/html/TypeInfo.html","3.21"
"parathyroidSE","/packages/3.21/data/experiment/html/parathyroidSE.html","3.21"
"benchmarkfdrData2019","/packages/3.21/data/experiment/html/benchmarkfdrData2019.html","3.21"
"synapterdata","/packages/3.21/data/experiment/html/synapterdata.html","3.21"
"mirbase.db","/packages/3.21/data/annotation/html/mirbase.db.html","3.21"
"targetscan.Hs.eg.db","/packages/3.21/data/annotation/html/targetscan.Hs.eg.db.html","3.21"
"targetscan.Mm.eg.db","/packages/3.21/data/annotation/html/targetscan.Mm.eg.db.html","3.21"
"BiocMetaWorkflow","/packages/3.21/workflows/html/BiocMetaWorkflow.html","3.21"
"DEP","/packages/3.21/bioc/html/DEP.html","3.20"
"gpuMagic","/packages/3.21/bioc/html/gpuMagic.html","3.20"
"hiAnnotator","/packages/3.21/bioc/html/hiAnnotator.html","3.20"
"hiReadsProcessor","/packages/3.21/bioc/html/hiReadsProcessor.html","3.20"
"interactiveDisplay","/packages/3.21/bioc/html/interactiveDisplay.html","3.20"
"interactiveDisplayBase","/packages/3.21/bioc/html/interactiveDisplayBase.html","3.20"
"Repitools","/packages/3.21/bioc/html/Repitools.html","3.20"
"rRDP","/packages/3.21/bioc/html/rRDP.html","3.20"
"Streamer","/packages/3.21/bioc/html/Streamer.html","3.20"
"bgx","/packages/3.19/bioc/html/bgx.html","3.20"
"BiGGR","/packages/3.21/bioc/html/BiGGR.html","3.20"
"biodbHmdb","/packages/3.21/bioc/html/biodbHmdb.html","3.20"
"biodbNci","/packages/3.21/bioc/html/biodbNci.html","3.20"
"biodbNcbi","/packages/3.21/bioc/html/biodbNcbi.html","3.20"
"biodbUniprot","/packages/3.21/bioc/html/biodbUniprot.html","3.20"
"ccmap","/packages/3.21/bioc/html/ccmap.html","3.20"
"CellScore","/packages/3.20/bioc/html/CellScore.html","3.20"
"CINdex","/packages/3.21/bioc/html/CINdex.html","3.20"
"cisPath","/packages/3.21/bioc/html/cisPath.html","3.20"
"Harshlight","/packages/3.20/bioc/html/Harshlight.html","3.20"
"hypeR","/packages/3.20/bioc/html/hypeR.html","3.20"
"lapmix","/packages/3.20/bioc/html/lapmix.html","3.20"
"LinTInd","/packages/3.21/bioc/html/LinTInd.html","3.20"
"lute","/packages/3.21/bioc/html/lute.html","3.20"
"MADSEQ","/packages/3.21/bioc/html/MADSEQ.html","3.20"
"netZooR","/packages/3.20/bioc/html/netZooR.html","3.20"
"oppti","/packages/3.20/bioc/html/oppti.html","3.20"
"PhenStat","/packages/3.21/bioc/html/PhenStat.html","3.20"
"qckitfastq","/packages/3.21/bioc/html/qckitfastq.html","3.20"
"ReactomeGraph4R","/packages/3.19/bioc/html/ReactomeGraph4R.html","3.20"
"Rfastp","/packages/3.21/bioc/html/Rfastp.html","3.20"
"rGADEM","/packages/3.21/bioc/html/rGADEM.html","3.20"
"SARC","/packages/3.21/bioc/html/SARC.html","3.20"
"seqArchR","/packages/3.20/bioc/html/seqArchR.html","3.20"
"seqArchRplus","/packages/3.21/bioc/html/seqArchRplus.html","3.20"
"seqTools","/packages/3.21/bioc/html/seqTools.html","3.20"
"TitanCNA","/packages/3.20/bioc/html/TitanCNA.html","3.20"
"TransView","/packages/3.19/bioc/html/TransView.html","3.20"
"traviz","/packages/3.19/bioc/html/traviz.html","3.20"
"XNAString","/packages/3.20/bioc/html/XNAString.html","3.20"
"Director","/packages/3.21/bioc/html/Director.html","3.20"
"erma","/packages/3.21/bioc/html/erma.html","3.20"
"girafe","/packages/3.21/bioc/html/girafe.html","3.20"
"RBioinf","/packages/3.21/bioc/html/RBioinf.html","3.20"
"Rtreemix","/packages/3.20/bioc/html/Rtreemix.html","3.20"
"synapter","/packages/3.20/bioc/html/synapter.html","3.20"
"zlibbioc","/packages/3.21/bioc/html/zlibbioc.html","3.20"
"AneuFinder","/packages/3.20/bioc/html/AneuFinder.html","3.20"
"BEARscc","/packages/3.19/bioc/html/BEARscc.html","3.20"
"CBEA","/packages/3.20/bioc/html/CBEA.html","3.20"
"chromstaR","/packages/3.20/bioc/html/chromstaR.html","3.20"
"coMET","/packages/3.18/bioc/html/coMET.html","3.20"
"crossmeta","/packages/3.19/bioc/html/crossmeta.html","3.20"
"dce","/packages/3.20/bioc/html/dce.html","3.20"
"DeProViR","/packages/3.19/bioc/html/DeProViR.html","3.20"
"DIAlignR","/packages/3.19/bioc/html/DIAlignR.html","3.20"
"GeneGeneInteR","/packages/3.20/bioc/html/GeneGeneInteR.html","3.20"
"genoCN","/packages/3.20/bioc/html/genoCN.html","3.20"
"gespeR","/packages/3.19/bioc/html/gespeR.html","3.20"
"GraphPAC","/packages/3.19/bioc/html/GraphPAC.html","3.20"
"HTSeqGenie","/packages/3.19/bioc/html/HTSeqGenie.html","3.20"
"iPAC","/packages/3.19/bioc/html/iPAC.html","3.20"
"MAGeCKFlute","/packages/3.20/bioc/html/MAGeCKFlute.html","3.20"
"netDx","/packages/3.17/bioc/html/netDx.html","3.20"
"NeuCA","/packages/3.19/bioc/html/NeuCA.html","3.20"
"PanViz","/packages/3.19/bioc/html/PanViz.html","3.20"
"pareg","/packages/3.19/bioc/html/pareg.html","3.20"
"paxtoolsr","/packages/3.19/bioc/html/paxtoolsr.html","3.20"
"PICS","/packages/3.20/bioc/html/PICS.html","3.20"
"PING","/packages/3.20/bioc/html/PING.html","3.20"
"QuartPAC","/packages/3.19/bioc/html/QuartPAC.html","3.20"
"ReactomeContentService4R","/packages/3.19/bioc/html/ReactomeContentService4R.html","3.20"
"RGMQL","/packages/3.16/bioc/html/RGMQL.html","3.20"
"SpacePAC","/packages/3.19/bioc/html/SpacePAC.html","3.20"
"staRank","/packages/3.19/bioc/html/staRank.html","3.20"
"STdeconvolve","/packages/3.19/bioc/html/STdeconvolve.html","3.20"
"supraHex","/packages/3.19/bioc/html/supraHex.html","3.20"
"trigger","/packages/3.20/bioc/html/trigger.html","3.20"
"TypeInfo","/packages/3.19/bioc/html/TypeInfo.html","3.20"
"DEP","/packages/3.21/bioc/html/DEP.html","3.19"
"gpuMagic","/packages/3.21/bioc/html/gpuMagic.html","3.19"
"hiAnnotator","/packages/3.21/bioc/html/hiAnnotator.html","3.19"
"hiReadsProcessor","/packages/3.21/bioc/html/hiReadsProcessor.html","3.19"
"interactiveDisplay","/packages/3.21/bioc/html/interactiveDisplay.html","3.19"
"interactiveDisplayBase","/packages/3.21/bioc/html/interactiveDisplayBase.html","3.19"
"Repitools","/packages/3.21/bioc/html/Repitools.html","3.19"
"rRDP","/packages/3.21/bioc/html/rRDP.html","3.19"
"Streamer","/packages/3.21/bioc/html/Streamer.html","3.19"
"bgx","/packages/3.19/bioc/html/bgx.html","3.19"
"BiGGR","/packages/3.21/bioc/html/BiGGR.html","3.19"
"biodbHmdb","/packages/3.21/bioc/html/biodbHmdb.html","3.19"
"biodbNci","/packages/3.21/bioc/html/biodbNci.html","3.19"
"biodbNcbi","/packages/3.21/bioc/html/biodbNcbi.html","3.19"
"biodbUniprot","/packages/3.21/bioc/html/biodbUniprot.html","3.19"
"ccmap","/packages/3.21/bioc/html/ccmap.html","3.19"
"CellScore","/packages/3.20/bioc/html/CellScore.html","3.19"
"CINdex","/packages/3.21/bioc/html/CINdex.html","3.19"
"cisPath","/packages/3.21/bioc/html/cisPath.html","3.19"
"Harshlight","/packages/3.20/bioc/html/Harshlight.html","3.19"
"hypeR","/packages/3.20/bioc/html/hypeR.html","3.19"
"lapmix","/packages/3.20/bioc/html/lapmix.html","3.19"
"LinTInd","/packages/3.21/bioc/html/LinTInd.html","3.19"
"lute","/packages/3.21/bioc/html/lute.html","3.19"
"MADSEQ","/packages/3.21/bioc/html/MADSEQ.html","3.19"
"netZooR","/packages/3.20/bioc/html/netZooR.html","3.19"
"oppti","/packages/3.20/bioc/html/oppti.html","3.19"
"PhenStat","/packages/3.21/bioc/html/PhenStat.html","3.19"
"qckitfastq","/packages/3.21/bioc/html/qckitfastq.html","3.19"
"ReactomeGraph4R","/packages/3.19/bioc/html/ReactomeGraph4R.html","3.19"
"Rfastp","/packages/3.21/bioc/html/Rfastp.html","3.19"
"rGADEM","/packages/3.21/bioc/html/rGADEM.html","3.19"
"SARC","/packages/3.21/bioc/html/SARC.html","3.19"
"seqArchR","/packages/3.20/bioc/html/seqArchR.html","3.19"
"seqArchRplus","/packages/3.21/bioc/html/seqArchRplus.html","3.19"
"seqTools","/packages/3.21/bioc/html/seqTools.html","3.19"
"TitanCNA","/packages/3.20/bioc/html/TitanCNA.html","3.19"
"TransView","/packages/3.19/bioc/html/TransView.html","3.19"
"traviz","/packages/3.19/bioc/html/traviz.html","3.19"
"XNAString","/packages/3.20/bioc/html/XNAString.html","3.19"
"rRDPData","/packages/3.21/data/experiment/html/rRDPData.html","3.19"
"AneuFinderData","/packages/3.21/data/experiment/html/AneuFinderData.html","3.19"
"chromstaRData","/packages/3.21/data/experiment/html/chromstaRData.html","3.19"
"curatedCRCData","/packages/3.19/data/experiment/html/curatedCRCData.html","3.19"
"RGMQLlib","/packages/3.21/data/experiment/html/RGMQLlib.html","3.19"
"Director","/packages/3.21/bioc/html/Director.html","3.19"
"erma","/packages/3.21/bioc/html/erma.html","3.19"
"girafe","/packages/3.21/bioc/html/girafe.html","3.19"
"RBioinf","/packages/3.21/bioc/html/RBioinf.html","3.19"
"Rtreemix","/packages/3.20/bioc/html/Rtreemix.html","3.19"
"synapter","/packages/3.20/bioc/html/synapter.html","3.19"
"zlibbioc","/packages/3.21/bioc/html/zlibbioc.html","3.19"
"AneuFinder","/packages/3.20/bioc/html/AneuFinder.html","3.19"
"BEARscc","/packages/3.19/bioc/html/BEARscc.html","3.19"
"CBEA","/packages/3.20/bioc/html/CBEA.html","3.19"
"chromstaR","/packages/3.20/bioc/html/chromstaR.html","3.19"
"coMET","/packages/3.18/bioc/html/coMET.html","3.19"
"crossmeta","/packages/3.19/bioc/html/crossmeta.html","3.19"
"dce","/packages/3.20/bioc/html/dce.html","3.19"
"DeProViR","/packages/3.19/bioc/html/DeProViR.html","3.19"
"DIAlignR","/packages/3.19/bioc/html/DIAlignR.html","3.19"
"GeneGeneInteR","/packages/3.20/bioc/html/GeneGeneInteR.html","3.19"
"genoCN","/packages/3.20/bioc/html/genoCN.html","3.19"
"gespeR","/packages/3.19/bioc/html/gespeR.html","3.19"
"GraphPAC","/packages/3.19/bioc/html/GraphPAC.html","3.19"
"HTSeqGenie","/packages/3.19/bioc/html/HTSeqGenie.html","3.19"
"iPAC","/packages/3.19/bioc/html/iPAC.html","3.19"
"MAGeCKFlute","/packages/3.20/bioc/html/MAGeCKFlute.html","3.19"
"netDx","/packages/3.17/bioc/html/netDx.html","3.19"
"NeuCA","/packages/3.19/bioc/html/NeuCA.html","3.19"
"PanViz","/packages/3.19/bioc/html/PanViz.html","3.19"
"pareg","/packages/3.19/bioc/html/pareg.html","3.19"
"paxtoolsr","/packages/3.19/bioc/html/paxtoolsr.html","3.19"
"PICS","/packages/3.20/bioc/html/PICS.html","3.19"
"PING","/packages/3.20/bioc/html/PING.html","3.19"
"QuartPAC","/packages/3.19/bioc/html/QuartPAC.html","3.19"
"ReactomeContentService4R","/packages/3.19/bioc/html/ReactomeContentService4R.html","3.19"
"RGMQL","/packages/3.16/bioc/html/RGMQL.html","3.19"
"SpacePAC","/packages/3.19/bioc/html/SpacePAC.html","3.19"
"staRank","/packages/3.19/bioc/html/staRank.html","3.19"
"STdeconvolve","/packages/3.19/bioc/html/STdeconvolve.html","3.19"
"supraHex","/packages/3.19/bioc/html/supraHex.html","3.19"
"trigger","/packages/3.20/bioc/html/trigger.html","3.19"
"TypeInfo","/packages/3.19/bioc/html/TypeInfo.html","3.19"
"BiocOncoTK","/packages/3.17/bioc/html/BiocOncoTK.html","3.19"
"psygenet2r","/packages/3.18/bioc/html/psygenet2r.html","3.19"
"rDGIdb","/packages/3.17/bioc/html/rDGIdb.html","3.19"
"RNAinteract","/packages/3.19/bioc/html/RNAinteract.html","3.19"
"ATACCoGAPS","/packages/3.18/bioc/html/ATACCoGAPS.html","3.19"
"biodbExpasy","/packages/3.18/bioc/html/biodbExpasy.html","3.19"
"biodbKegg","/packages/3.18/bioc/html/biodbKegg.html","3.19"
"brainflowprobes","/packages/3.18/bioc/html/brainflowprobes.html","3.19"
"BRGenomics","/packages/3.16/bioc/html/BRGenomics.html","3.19"
"CellaRepertorium","/packages/3.18/bioc/html/CellaRepertorium.html","3.19"
"microbiomeMarker","/packages/3.18/bioc/html/microbiomeMarker.html","3.19"
"MQmetrics","/packages/3.17/bioc/html/MQmetrics.html","3.19"
"nanotatoR","/packages/3.18/bioc/html/nanotatoR.html","3.19"
"netOmics","/packages/3.17/bioc/html/netOmics.html","3.19"
"Pi","/packages/3.17/bioc/html/Pi.html","3.19"
"polyester","/packages/3.18/bioc/html/polyester.html","3.19"
"RandomWalkRestartMH","/packages/3.17/bioc/html/RandomWalkRestartMH.html","3.19"
"Risa","/packages/3.18/bioc/html/Risa.html","3.19"
"single","/packages/3.17/bioc/html/single.html","3.19"
"SummarizedBenchmark","/packages/3.17/bioc/html/SummarizedBenchmark.html","3.19"
"DmelSGI","/packages/3.19/data/experiment/html/DmelSGI.html","3.19"
"RNAinteractMAPK","/packages/3.19/data/experiment/html/RNAinteractMAPK.html","3.19"
"MMAPPR2data","/packages/3.19/data/experiment/html/MMAPPR2data.html","3.19"
"pcxnData","/packages/3.18/data/experiment/html/pcxnData.html","3.19"
"restfulSEData","/packages/3.19/data/experiment/html/restfulSEData.html","3.19"
"RLHub","/packages/3.16/data/experiment/html/RLHub.html","3.19"
"Director","/packages/3.21/bioc/html/Director.html","3.18"
"erma","/packages/3.21/bioc/html/erma.html","3.18"
"girafe","/packages/3.21/bioc/html/girafe.html","3.18"
"RBioinf","/packages/3.21/bioc/html/RBioinf.html","3.18"
"Rtreemix","/packages/3.20/bioc/html/Rtreemix.html","3.18"
"synapter","/packages/3.20/bioc/html/synapter.html","3.18"
"zlibbioc","/packages/3.21/bioc/html/zlibbioc.html","3.18"
"AneuFinder","/packages/3.20/bioc/html/AneuFinder.html","3.18"
"BEARscc","/packages/3.19/bioc/html/BEARscc.html","3.18"
"CBEA","/packages/3.20/bioc/html/CBEA.html","3.18"
"chromstaR","/packages/3.20/bioc/html/chromstaR.html","3.18"
"coMET","/packages/3.18/bioc/html/coMET.html","3.18"
"crossmeta","/packages/3.19/bioc/html/crossmeta.html","3.18"
"dce","/packages/3.20/bioc/html/dce.html","3.18"
"DeProViR","/packages/3.19/bioc/html/DeProViR.html","3.18"
"DIAlignR","/packages/3.19/bioc/html/DIAlignR.html","3.18"
"GeneGeneInteR","/packages/3.20/bioc/html/GeneGeneInteR.html","3.18"
"genoCN","/packages/3.20/bioc/html/genoCN.html","3.18"
"gespeR","/packages/3.19/bioc/html/gespeR.html","3.18"
"GraphPAC","/packages/3.19/bioc/html/GraphPAC.html","3.18"
"HTSeqGenie","/packages/3.19/bioc/html/HTSeqGenie.html","3.18"
"iPAC","/packages/3.19/bioc/html/iPAC.html","3.18"
"MAGeCKFlute","/packages/3.20/bioc/html/MAGeCKFlute.html","3.18"
"netDx","/packages/3.17/bioc/html/netDx.html","3.18"
"NeuCA","/packages/3.19/bioc/html/NeuCA.html","3.18"
"PanViz","/packages/3.19/bioc/html/PanViz.html","3.18"
"pareg","/packages/3.19/bioc/html/pareg.html","3.18"
"paxtoolsr","/packages/3.19/bioc/html/paxtoolsr.html","3.18"
"PICS","/packages/3.20/bioc/html/PICS.html","3.18"
"PING","/packages/3.20/bioc/html/PING.html","3.18"
"QuartPAC","/packages/3.19/bioc/html/QuartPAC.html","3.18"
"ReactomeContentService4R","/packages/3.19/bioc/html/ReactomeContentService4R.html","3.18"
"RGMQL","/packages/3.16/bioc/html/RGMQL.html","3.18"
"SpacePAC","/packages/3.19/bioc/html/SpacePAC.html","3.18"
"staRank","/packages/3.19/bioc/html/staRank.html","3.18"
"STdeconvolve","/packages/3.19/bioc/html/STdeconvolve.html","3.18"
"supraHex","/packages/3.19/bioc/html/supraHex.html","3.18"
"trigger","/packages/3.20/bioc/html/trigger.html","3.18"
"TypeInfo","/packages/3.19/bioc/html/TypeInfo.html","3.18"
"BiocOncoTK","/packages/3.17/bioc/html/BiocOncoTK.html","3.18"
"psygenet2r","/packages/3.18/bioc/html/psygenet2r.html","3.18"
"rDGIdb","/packages/3.17/bioc/html/rDGIdb.html","3.18"
"RNAinteract","/packages/3.19/bioc/html/RNAinteract.html","3.18"
"ATACCoGAPS","/packages/3.18/bioc/html/ATACCoGAPS.html","3.18"
"biodbExpasy","/packages/3.18/bioc/html/biodbExpasy.html","3.18"
"biodbKegg","/packages/3.18/bioc/html/biodbKegg.html","3.18"
"brainflowprobes","/packages/3.18/bioc/html/brainflowprobes.html","3.18"
"BRGenomics","/packages/3.16/bioc/html/BRGenomics.html","3.18"
"CellaRepertorium","/packages/3.18/bioc/html/CellaRepertorium.html","3.18"
"microbiomeMarker","/packages/3.18/bioc/html/microbiomeMarker.html","3.18"
"MQmetrics","/packages/3.17/bioc/html/MQmetrics.html","3.18"
"nanotatoR","/packages/3.18/bioc/html/nanotatoR.html","3.18"
"netOmics","/packages/3.17/bioc/html/netOmics.html","3.18"
"Pi","/packages/3.17/bioc/html/Pi.html","3.18"
"polyester","/packages/3.18/bioc/html/polyester.html","3.18"
"RandomWalkRestartMH","/packages/3.17/bioc/html/RandomWalkRestartMH.html","3.18"
"Risa","/packages/3.18/bioc/html/Risa.html","3.18"
"single","/packages/3.17/bioc/html/single.html","3.18"
"SummarizedBenchmark","/packages/3.17/bioc/html/SummarizedBenchmark.html","3.18"
"CancerInSilico","/packages/3.16/bioc/html/CancerInSilico.html","3.18"
"cellHTS2","/packages/3.18/bioc/html/cellHTS2.html","3.18"
"CNVgears","/packages/3.18/bioc/html/CNVgears.html","3.18"
"compartmap","/packages/3.16/bioc/html/compartmap.html","3.18"
"ensemblVEP","/packages/3.15/bioc/html/ensemblVEP.html","3.18"
"HumanTranscriptomeCompendium","/packages/3.17/bioc/html/HumanTranscriptomeCompendium.html","3.18"
"maigesPack","/packages/3.16/bioc/html/maigesPack.html","3.18"
"MMAPPR2","/packages/3.15/bioc/html/MMAPPR2.html","3.18"
"openPrimeRui","/packages/3.18/bioc/html/openPrimeRui.html","3.18"
"pwOmics","/packages/3.16/bioc/html/pwOmics.html","3.18"
"restfulSE","/packages/3.15/bioc/html/restfulSE.html","3.18"
"beadarraySNP","/packages/3.18/bioc/html/beadarraySNP.html","3.18"
"BDMMAcorrect","/packages/3.16/bioc/html/BDMMAcorrect.html","3.18"
"BHC","/packages/3.16/bioc/html/BHC.html","3.18"
"biodbLipidmaps","/packages/3.17/bioc/html/biodbLipidmaps.html","3.18"
"BioNetStat","/packages/3.17/bioc/html/BioNetStat.html","3.18"
"CancerSubtypes","/packages/3.16/bioc/html/CancerSubtypes.html","3.18"
"cliqueMS","/packages/3.17/bioc/html/cliqueMS.html","3.18"
"contiBAIT","/packages/3.18/bioc/html/contiBAIT.html","3.18"
"CoRegNet","/packages/3.16/bioc/html/CoRegNet.html","3.18"
"CORREP","/packages/3.18/bioc/html/CORREP.html","3.18"
"crisprseekplus","/packages/3.16/bioc/html/crisprseekplus.html","3.18"
"DNABarcodes","/packages/3.16/bioc/html/DNABarcodes.html","3.18"
"dpeak","/packages/3.16/bioc/html/dpeak.html","3.18"
"EBSeqHMM","/packages/3.17/bioc/html/EBSeqHMM.html","3.18"
"eegc","/packages/3.16/bioc/html/eegc.html","3.18"
"enrichTF","/packages/3.16/bioc/html/enrichTF.html","3.18"
"exomePeak2","/packages/3.16/bioc/html/exomePeak2.html","3.18"
"farms","/packages/3.16/bioc/html/farms.html","3.18"
"FCBF","/packages/3.16/bioc/html/FCBF.html","3.18"
"flowMap","/packages/3.16/bioc/html/flowMap.html","3.18"
"FoldGO","/packages/3.16/bioc/html/FoldGO.html","3.18"
"FScanR","/packages/3.18/bioc/html/FScanR.html","3.18"
"FunChIP","/packages/3.18/bioc/html/FunChIP.html","3.18"
"GOSim","/packages/3.18/bioc/html/GOSim.html","3.18"
"ImmuneSpaceR","/packages/3.17/bioc/html/ImmuneSpaceR.html","3.18"
"InterMineR","/packages/3.18/bioc/html/InterMineR.html","3.18"
"IntOMICS","/packages/3.17/bioc/html/IntOMICS.html","3.18"
"IRISFGM","/packages/3.16/bioc/html/IRISFGM.html","3.18"
"iterClust","/packages/3.18/bioc/html/iterClust.html","3.18"
"metagene","/packages/3.16/bioc/html/metagene.html","3.18"
"MetaVolcanoR","/packages/3.18/bioc/html/MetaVolcanoR.html","3.18"
"miRmine","/packages/3.18/bioc/html/miRmine.html","3.18"
"MobilityTransformR","/packages/3.18/bioc/html/MobilityTransformR.html","3.18"
"multiOmicsViz","/packages/3.16/bioc/html/multiOmicsViz.html","3.18"
"NeighborNet","/packages/3.16/bioc/html/NeighborNet.html","3.18"
"oneSENSE","/packages/3.12/bioc/html/oneSENSE.html","3.18"
"pathVar","/packages/3.16/bioc/html/pathVar.html","3.18"
"pcxn","/packages/3.18/bioc/html/pcxn.html","3.18"
"PERFect","/packages/3.16/bioc/html/PERFect.html","3.18"
"phemd","/packages/3.17/bioc/html/phemd.html","3.18"
"PloGO2","/packages/3.16/bioc/html/PloGO2.html","3.18"
"proteasy","/packages/3.16/bioc/html/proteasy.html","3.18"
"PSEA","/packages/3.18/bioc/html/PSEA.html","3.18"
"RefPlus","/packages/3.16/bioc/html/RefPlus.html","3.18"
"ReQON","/packages/3.16/bioc/html/ReQON.html","3.18"
"RIPAT","/packages/3.16/bioc/html/RIPAT.html","3.18"
"RLSeq","/packages/3.16/bioc/html/RLSeq.html","3.18"
"SimBindProfiles","/packages/3.18/bioc/html/SimBindProfiles.html","3.18"
"SMAP","/packages/3.18/bioc/html/SMAP.html","3.18"
"sparseDOSSA","/packages/3.16/bioc/html/sparseDOSSA.html","3.18"
"SpidermiR","/packages/3.17/bioc/html/SpidermiR.html","3.18"
"SQUADD","/packages/3.18/bioc/html/SQUADD.html","3.18"
"StarBioTrek","/packages/3.17/bioc/html/StarBioTrek.html","3.18"
"STROMA4","/packages/3.16/bioc/html/STROMA4.html","3.18"
"TimiRGeN","/packages/3.16/bioc/html/TimiRGeN.html","3.18"
"TNBC.CMS","/packages/3.18/bioc/html/TNBC.CMS.html","3.18"
"MMAPPR2data","/packages/3.19/data/experiment/html/MMAPPR2data.html","3.18"
"pcxnData","/packages/3.18/data/experiment/html/pcxnData.html","3.18"
"restfulSEData","/packages/3.19/data/experiment/html/restfulSEData.html","3.18"
"RLHub","/packages/3.16/data/experiment/html/RLHub.html","3.18"
"BGmix","/packages/3.16/bioc/html/BGmix.html","3.18"
"bigPint","/packages/3.16/bioc/html/bigPint.html","3.18"
"biodbMirbase","/packages/3.17/bioc/html/biodbMirbase.html","3.18"
"BioMM","/packages/3.16/bioc/html/BioMM.html","3.18"
"Clonality","/packages/3.16/bioc/html/Clonality.html","3.18"
"COHCAP","/packages/3.18/bioc/html/COHCAP.html","3.18"
"CSSP","/packages/3.16/bioc/html/CSSP.html","3.18"
"deco","/packages/3.16/bioc/html/deco.html","3.18"
"DeepBlueR","/packages/3.17/bioc/html/DeepBlueR.html","3.18"
"DMRforPairs","/packages/3.16/bioc/html/DMRforPairs.html","3.18"
"exomeCopy","/packages/3.18/bioc/html/exomeCopy.html","3.18"
"fcoex","/packages/3.16/bioc/html/fcoex.html","3.18"
"gaggle","/packages/3.18/bioc/html/gaggle.html","3.18"
"GCSscore","/packages/3.17/bioc/html/GCSscore.html","3.18"
"genbankr","/packages/3.16/bioc/html/genbankr.html","3.18"
"GISPA","/packages/3.18/bioc/html/GISPA.html","3.18"
"GOsummaries","/packages/3.18/bioc/html/GOsummaries.html","3.18"
"GRridge","/packages/3.16/bioc/html/GRridge.html","3.18"
"HPAStainR","/packages/3.16/bioc/html/HPAStainR.html","3.18"
"imageHTS","/packages/3.16/bioc/html/imageHTS.html","3.18"
"IntOMICS","/packages/3.17/bioc/html/IntOMICS.html","3.18"
"LineagePulse","/packages/3.18/bioc/html/LineagePulse.html","3.18"
"logitT","/packages/3.17/bioc/html/logitT.html","3.18"
"LowMACA","/packages/3.15/bioc/html/LowMACA.html","3.18"
"LPEadj","/packages/3.18/bioc/html/LPEadj.html","3.18"
"macat","/packages/3.18/bioc/html/macat.html","3.18"
"mAPKL","/packages/3.16/bioc/html/mAPKL.html","3.18"
"mbOmic","/packages/3.16/bioc/html/mbOmic.html","3.18"
"Metab","/packages/3.16/bioc/html/Metab.html","3.18"
"MSstatsSampleSize","/packages/3.16/bioc/html/MSstatsSampleSize.html","3.18"
"multiSight","/packages/3.16/bioc/html/multiSight.html","3.18"
"netbiov","/packages/3.16/bioc/html/netbiov.html","3.18"
"OmicsLonDA","/packages/3.16/bioc/html/OmicsLonDA.html","3.18"
"PFP","/packages/3.16/bioc/html/PFP.html","3.18"
"plethy","/packages/3.16/bioc/html/plethy.html","3.18"
"pwrEWAS","/packages/3.16/bioc/html/pwrEWAS.html","3.18"
"qrqc","/packages/3.16/bioc/html/qrqc.html","3.18"
"Ringo","/packages/3.18/bioc/html/Ringo.html","3.18"
"SCATE","/packages/3.16/bioc/html/SCATE.html","3.18"
"SEPIRA","/packages/3.17/bioc/html/SEPIRA.html","3.18"
"seqbias","/packages/3.15/bioc/html/seqbias.html","3.18"
"seqCNA","/packages/3.18/bioc/html/seqCNA.html","3.18"
"SISPA","/packages/3.17/bioc/html/SISPA.html","3.18"
"snapCGH","/packages/3.17/bioc/html/snapCGH.html","3.18"
"sscore","/packages/3.17/bioc/html/sscore.html","3.18"
"Travel","/packages/3.15/bioc/html/Travel.html","3.18"
"trena","/packages/3.17/bioc/html/trena.html","3.18"
"Director","/packages/3.21/bioc/html/Director.html","3.17"
"erma","/packages/3.21/bioc/html/erma.html","3.17"
"girafe","/packages/3.21/bioc/html/girafe.html","3.17"
"RBioinf","/packages/3.21/bioc/html/RBioinf.html","3.17"
"Rtreemix","/packages/3.20/bioc/html/Rtreemix.html","3.17"
"synapter","/packages/3.20/bioc/html/synapter.html","3.17"
"zlibbioc","/packages/3.21/bioc/html/zlibbioc.html","3.17"
"AneuFinder","/packages/3.20/bioc/html/AneuFinder.html","3.17"
"BEARscc","/packages/3.19/bioc/html/BEARscc.html","3.17"
"CBEA","/packages/3.20/bioc/html/CBEA.html","3.17"
"chromstaR","/packages/3.20/bioc/html/chromstaR.html","3.17"
"coMET","/packages/3.18/bioc/html/coMET.html","3.17"
"crossmeta","/packages/3.19/bioc/html/crossmeta.html","3.17"
"dce","/packages/3.20/bioc/html/dce.html","3.17"
"DeProViR","/packages/3.19/bioc/html/DeProViR.html","3.17"
"DIAlignR","/packages/3.19/bioc/html/DIAlignR.html","3.17"
"GeneGeneInteR","/packages/3.20/bioc/html/GeneGeneInteR.html","3.17"
"genoCN","/packages/3.20/bioc/html/genoCN.html","3.17"
"gespeR","/packages/3.19/bioc/html/gespeR.html","3.17"
"GraphPAC","/packages/3.19/bioc/html/GraphPAC.html","3.17"
"HTSeqGenie","/packages/3.19/bioc/html/HTSeqGenie.html","3.17"
"iPAC","/packages/3.19/bioc/html/iPAC.html","3.17"
"MAGeCKFlute","/packages/3.20/bioc/html/MAGeCKFlute.html","3.17"
"netDx","/packages/3.17/bioc/html/netDx.html","3.17"
"NeuCA","/packages/3.19/bioc/html/NeuCA.html","3.17"
"PanViz","/packages/3.19/bioc/html/PanViz.html","3.17"
"pareg","/packages/3.19/bioc/html/pareg.html","3.17"
"paxtoolsr","/packages/3.19/bioc/html/paxtoolsr.html","3.17"
"PICS","/packages/3.20/bioc/html/PICS.html","3.17"
"PING","/packages/3.20/bioc/html/PING.html","3.17"
"QuartPAC","/packages/3.19/bioc/html/QuartPAC.html","3.17"
"ReactomeContentService4R","/packages/3.19/bioc/html/ReactomeContentService4R.html","3.17"
"RGMQL","/packages/3.16/bioc/html/RGMQL.html","3.17"
"SpacePAC","/packages/3.19/bioc/html/SpacePAC.html","3.17"
"staRank","/packages/3.19/bioc/html/staRank.html","3.17"
"STdeconvolve","/packages/3.19/bioc/html/STdeconvolve.html","3.17"
"supraHex","/packages/3.19/bioc/html/supraHex.html","3.17"
"trigger","/packages/3.20/bioc/html/trigger.html","3.17"
"TypeInfo","/packages/3.19/bioc/html/TypeInfo.html","3.17"
"BiocOncoTK","/packages/3.17/bioc/html/BiocOncoTK.html","3.17"
"psygenet2r","/packages/3.18/bioc/html/psygenet2r.html","3.17"
"rDGIdb","/packages/3.17/bioc/html/rDGIdb.html","3.17"
"RNAinteract","/packages/3.19/bioc/html/RNAinteract.html","3.17"
"ATACCoGAPS","/packages/3.18/bioc/html/ATACCoGAPS.html","3.17"
"biodbExpasy","/packages/3.18/bioc/html/biodbExpasy.html","3.17"
"biodbKegg","/packages/3.18/bioc/html/biodbKegg.html","3.17"
"brainflowprobes","/packages/3.18/bioc/html/brainflowprobes.html","3.17"
"BRGenomics","/packages/3.16/bioc/html/BRGenomics.html","3.17"
"CellaRepertorium","/packages/3.18/bioc/html/CellaRepertorium.html","3.17"
"microbiomeMarker","/packages/3.18/bioc/html/microbiomeMarker.html","3.17"
"MQmetrics","/packages/3.17/bioc/html/MQmetrics.html","3.17"
"nanotatoR","/packages/3.18/bioc/html/nanotatoR.html","3.17"
"netOmics","/packages/3.17/bioc/html/netOmics.html","3.17"
"Pi","/packages/3.17/bioc/html/Pi.html","3.17"
"polyester","/packages/3.18/bioc/html/polyester.html","3.17"
"RandomWalkRestartMH","/packages/3.17/bioc/html/RandomWalkRestartMH.html","3.17"
"Risa","/packages/3.18/bioc/html/Risa.html","3.17"
"single","/packages/3.17/bioc/html/single.html","3.17"
"SummarizedBenchmark","/packages/3.17/bioc/html/SummarizedBenchmark.html","3.17"
"CancerInSilico","/packages/3.16/bioc/html/CancerInSilico.html","3.17"
"cellHTS2","/packages/3.18/bioc/html/cellHTS2.html","3.17"
"CNVgears","/packages/3.18/bioc/html/CNVgears.html","3.17"
"compartmap","/packages/3.16/bioc/html/compartmap.html","3.17"
"ensemblVEP","/packages/3.15/bioc/html/ensemblVEP.html","3.17"
"HumanTranscriptomeCompendium","/packages/3.17/bioc/html/HumanTranscriptomeCompendium.html","3.17"
"maigesPack","/packages/3.16/bioc/html/maigesPack.html","3.17"
"MMAPPR2","/packages/3.15/bioc/html/MMAPPR2.html","3.17"
"openPrimeRui","/packages/3.18/bioc/html/openPrimeRui.html","3.17"
"pwOmics","/packages/3.16/bioc/html/pwOmics.html","3.17"
"restfulSE","/packages/3.15/bioc/html/restfulSE.html","3.17"
"beadarraySNP","/packages/3.18/bioc/html/beadarraySNP.html","3.17"
"BDMMAcorrect","/packages/3.16/bioc/html/BDMMAcorrect.html","3.17"
"BHC","/packages/3.16/bioc/html/BHC.html","3.17"
"biodbLipidmaps","/packages/3.17/bioc/html/biodbLipidmaps.html","3.17"
"BioNetStat","/packages/3.17/bioc/html/BioNetStat.html","3.17"
"CancerSubtypes","/packages/3.16/bioc/html/CancerSubtypes.html","3.17"
"cliqueMS","/packages/3.17/bioc/html/cliqueMS.html","3.17"
"contiBAIT","/packages/3.18/bioc/html/contiBAIT.html","3.17"
"CoRegNet","/packages/3.16/bioc/html/CoRegNet.html","3.17"
"CORREP","/packages/3.18/bioc/html/CORREP.html","3.17"
"crisprseekplus","/packages/3.16/bioc/html/crisprseekplus.html","3.17"
"DNABarcodes","/packages/3.16/bioc/html/DNABarcodes.html","3.17"
"dpeak","/packages/3.16/bioc/html/dpeak.html","3.17"
"EBSeqHMM","/packages/3.17/bioc/html/EBSeqHMM.html","3.17"
"eegc","/packages/3.16/bioc/html/eegc.html","3.17"
"enrichTF","/packages/3.16/bioc/html/enrichTF.html","3.17"
"exomePeak2","/packages/3.16/bioc/html/exomePeak2.html","3.17"
"farms","/packages/3.16/bioc/html/farms.html","3.17"
"FCBF","/packages/3.16/bioc/html/FCBF.html","3.17"
"flowMap","/packages/3.16/bioc/html/flowMap.html","3.17"
"FoldGO","/packages/3.16/bioc/html/FoldGO.html","3.17"
"FScanR","/packages/3.18/bioc/html/FScanR.html","3.17"
"FunChIP","/packages/3.18/bioc/html/FunChIP.html","3.17"
"GOSim","/packages/3.18/bioc/html/GOSim.html","3.17"
"ImmuneSpaceR","/packages/3.17/bioc/html/ImmuneSpaceR.html","3.17"
"InterMineR","/packages/3.18/bioc/html/InterMineR.html","3.17"
"IntOMICS","/packages/3.17/bioc/html/IntOMICS.html","3.17"
"IRISFGM","/packages/3.16/bioc/html/IRISFGM.html","3.17"
"iterClust","/packages/3.18/bioc/html/iterClust.html","3.17"
"metagene","/packages/3.16/bioc/html/metagene.html","3.17"
"MetaVolcanoR","/packages/3.18/bioc/html/MetaVolcanoR.html","3.17"
"miRmine","/packages/3.18/bioc/html/miRmine.html","3.17"
"MobilityTransformR","/packages/3.18/bioc/html/MobilityTransformR.html","3.17"
"multiOmicsViz","/packages/3.16/bioc/html/multiOmicsViz.html","3.17"
"NeighborNet","/packages/3.16/bioc/html/NeighborNet.html","3.17"
"oneSENSE","/packages/3.12/bioc/html/oneSENSE.html","3.17"
"pathVar","/packages/3.16/bioc/html/pathVar.html","3.17"
"pcxn","/packages/3.18/bioc/html/pcxn.html","3.17"
"PERFect","/packages/3.16/bioc/html/PERFect.html","3.17"
"phemd","/packages/3.17/bioc/html/phemd.html","3.17"
"PloGO2","/packages/3.16/bioc/html/PloGO2.html","3.17"
"proteasy","/packages/3.16/bioc/html/proteasy.html","3.17"
"PSEA","/packages/3.18/bioc/html/PSEA.html","3.17"
"RefPlus","/packages/3.16/bioc/html/RefPlus.html","3.17"
"ReQON","/packages/3.16/bioc/html/ReQON.html","3.17"
"RIPAT","/packages/3.16/bioc/html/RIPAT.html","3.17"
"RLSeq","/packages/3.16/bioc/html/RLSeq.html","3.17"
"SimBindProfiles","/packages/3.18/bioc/html/SimBindProfiles.html","3.17"
"SMAP","/packages/3.18/bioc/html/SMAP.html","3.17"
"sparseDOSSA","/packages/3.16/bioc/html/sparseDOSSA.html","3.17"
"SpidermiR","/packages/3.17/bioc/html/SpidermiR.html","3.17"
"SQUADD","/packages/3.18/bioc/html/SQUADD.html","3.17"
"StarBioTrek","/packages/3.17/bioc/html/StarBioTrek.html","3.17"
"STROMA4","/packages/3.16/bioc/html/STROMA4.html","3.17"
"TimiRGeN","/packages/3.16/bioc/html/TimiRGeN.html","3.17"
"TNBC.CMS","/packages/3.18/bioc/html/TNBC.CMS.html","3.17"
"BGmix","/packages/3.16/bioc/html/BGmix.html","3.17"
"bigPint","/packages/3.16/bioc/html/bigPint.html","3.17"
"biodbMirbase","/packages/3.17/bioc/html/biodbMirbase.html","3.17"
"BioMM","/packages/3.16/bioc/html/BioMM.html","3.17"
"Clonality","/packages/3.16/bioc/html/Clonality.html","3.17"
"COHCAP","/packages/3.18/bioc/html/COHCAP.html","3.17"
"CSSP","/packages/3.16/bioc/html/CSSP.html","3.17"
"deco","/packages/3.16/bioc/html/deco.html","3.17"
"DeepBlueR","/packages/3.17/bioc/html/DeepBlueR.html","3.17"
"DMRforPairs","/packages/3.16/bioc/html/DMRforPairs.html","3.17"
"exomeCopy","/packages/3.18/bioc/html/exomeCopy.html","3.17"
"fcoex","/packages/3.16/bioc/html/fcoex.html","3.17"
"gaggle","/packages/3.18/bioc/html/gaggle.html","3.17"
"GCSscore","/packages/3.17/bioc/html/GCSscore.html","3.17"
"genbankr","/packages/3.16/bioc/html/genbankr.html","3.17"
"GISPA","/packages/3.18/bioc/html/GISPA.html","3.17"
"GOsummaries","/packages/3.18/bioc/html/GOsummaries.html","3.17"
"GRridge","/packages/3.16/bioc/html/GRridge.html","3.17"
"HPAStainR","/packages/3.16/bioc/html/HPAStainR.html","3.17"
"imageHTS","/packages/3.16/bioc/html/imageHTS.html","3.17"
"IntOMICS","/packages/3.17/bioc/html/IntOMICS.html","3.17"
"LineagePulse","/packages/3.18/bioc/html/LineagePulse.html","3.17"
"logitT","/packages/3.17/bioc/html/logitT.html","3.17"
"LowMACA","/packages/3.15/bioc/html/LowMACA.html","3.17"
"LPEadj","/packages/3.18/bioc/html/LPEadj.html","3.17"
"macat","/packages/3.18/bioc/html/macat.html","3.17"
"mAPKL","/packages/3.16/bioc/html/mAPKL.html","3.17"
"mbOmic","/packages/3.16/bioc/html/mbOmic.html","3.17"
"Metab","/packages/3.16/bioc/html/Metab.html","3.17"
"MSstatsSampleSize","/packages/3.16/bioc/html/MSstatsSampleSize.html","3.17"
"multiSight","/packages/3.16/bioc/html/multiSight.html","3.17"
"netbiov","/packages/3.16/bioc/html/netbiov.html","3.17"
"OmicsLonDA","/packages/3.16/bioc/html/OmicsLonDA.html","3.17"
"PFP","/packages/3.16/bioc/html/PFP.html","3.17"
"plethy","/packages/3.16/bioc/html/plethy.html","3.17"
"pwrEWAS","/packages/3.16/bioc/html/pwrEWAS.html","3.17"
"qrqc","/packages/3.16/bioc/html/qrqc.html","3.17"
"Ringo","/packages/3.18/bioc/html/Ringo.html","3.17"
"SCATE","/packages/3.16/bioc/html/SCATE.html","3.17"
"SEPIRA","/packages/3.17/bioc/html/SEPIRA.html","3.17"
"seqbias","/packages/3.15/bioc/html/seqbias.html","3.17"
"seqCNA","/packages/3.18/bioc/html/seqCNA.html","3.17"
"SISPA","/packages/3.17/bioc/html/SISPA.html","3.17"
"snapCGH","/packages/3.17/bioc/html/snapCGH.html","3.17"
"sscore","/packages/3.17/bioc/html/sscore.html","3.17"
"Travel","/packages/3.15/bioc/html/Travel.html","3.17"
"trena","/packages/3.17/bioc/html/trena.html","3.17"
"ccTutorial","/packages/3.17/data/experiment/html/ccTutorial.html","3.17"
"ChIC.data","/packages/3.17/data/experiment/html/ChIC.data.html","3.17"
"mAPKLData","/packages/3.17/data/experiment/html/mAPKLData.html","3.17"
"MAQCsubsetILM","/packages/3.17/data/experiment/html/MAQCsubsetILM.html","3.17"
"MIGSAdata","/packages/3.17/data/experiment/html/MIGSAdata.html","3.17"
"pwrEWAS.data","/packages/3.17/data/experiment/html/pwrEWAS.data.html","3.17"
"SCATEData","/packages/3.17/data/experiment/html/SCATEData.html","3.17"
"seqCNA.annot","/packages/3.17/data/experiment/html/seqCNA.annot.html","3.17"
"stjudem","/packages/3.17/data/experiment/html/stjudem.html","3.17"
"alpine","/packages/3.17/bioc/html/alpine.html","3.17"
"ArrayExpressHTS","/packages/3.15/bioc/html/ArrayExpressHTS.html","3.17"
"ASpediaFI","/packages/3.16/bioc/html/ASpediaFI.html","3.17"
"BiocDockerManager","/packages/3.16/bioc/html/BiocDockerManager.html","3.17"
"ChIC","/packages/3.16/bioc/html/ChIC.html","3.17"
"chromswitch","/packages/3.17/bioc/html/chromswitch.html","3.17"
"copynumber","/packages/3.14/bioc/html/copynumber.html","3.17"
"CopywriteR","/packages/3.16/bioc/html/CopywriteR.html","3.17"
"dasper","/packages/3.15/bioc/html/dasper.html","3.17"
"epihet","/packages/3.16/bioc/html/epihet.html","3.17"
"GAPGOM","/packages/3.14/bioc/html/GAPGOM.html","3.17"
"GeneAccord","/packages/3.16/bioc/html/GeneAccord.html","3.17"
"genotypeeval","/packages/3.16/bioc/html/genotypeeval.html","3.17"
"maanova","/packages/3.16/bioc/html/maanova.html","3.17"
"metavizr","/packages/3.15/bioc/html/metavizr.html","3.17"
"MethCP","/packages/3.16/bioc/html/MethCP.html","3.17"
"MIGSA","/packages/3.16/bioc/html/MIGSA.html","3.17"
"MIMOSA","/packages/3.16/bioc/html/MIMOSA.html","3.17"
"NanoStringQCPro","/packages/3.16/bioc/html/NanoStringQCPro.html","3.17"
"NBSplice","/packages/3.16/bioc/html/NBSplice.html","3.17"
"netboxr","/packages/3.16/bioc/html/netboxr.html","3.17"
"NxtIRFcore","/packages/3.17/bioc/html/NxtIRFcore.html","3.17"
"ODER","/packages/3.15/bioc/html/ODER.html","3.17"
"pkgDepTools","/packages/3.16/bioc/html/pkgDepTools.html","3.17"
"PrecisionTrialDrawer","/packages/3.15/bioc/html/PrecisionTrialDrawer.html","3.17"
"proBatch","/packages/3.16/bioc/html/proBatch.html","3.17"
"proFIA","/packages/3.16/bioc/html/proFIA.html","3.17"
"pulsedSilac","/packages/3.15/bioc/html/pulsedSilac.html","3.17"
"savR","/packages/3.16/bioc/html/savR.html","3.17"
"sigPathway","/packages/3.16/bioc/html/sigPathway.html","3.17"
"STAN","/packages/3.16/bioc/html/STAN.html","3.17"
"TarSeqQC","/packages/3.16/bioc/html/TarSeqQC.html","3.17"
"tscR","/packages/3.16/bioc/html/tscR.html","3.17"
"alpineData","/packages/3.17/data/experiment/html/alpineData.html","3.17"
"plasFIA","/packages/3.16/data/experiment/html/plasFIA.html","3.17"
"Director","/packages/3.21/bioc/html/Director.html","3.16"
"erma","/packages/3.21/bioc/html/erma.html","3.16"
"girafe","/packages/3.21/bioc/html/girafe.html","3.16"
"RBioinf","/packages/3.21/bioc/html/RBioinf.html","3.16"
"Rtreemix","/packages/3.20/bioc/html/Rtreemix.html","3.16"
"synapter","/packages/3.20/bioc/html/synapter.html","3.16"
"zlibbioc","/packages/3.21/bioc/html/zlibbioc.html","3.16"
"AneuFinder","/packages/3.20/bioc/html/AneuFinder.html","3.16"
"BEARscc","/packages/3.19/bioc/html/BEARscc.html","3.16"
"CBEA","/packages/3.20/bioc/html/CBEA.html","3.16"
"chromstaR","/packages/3.20/bioc/html/chromstaR.html","3.16"
"coMET","/packages/3.18/bioc/html/coMET.html","3.16"
"crossmeta","/packages/3.19/bioc/html/crossmeta.html","3.16"
"dce","/packages/3.20/bioc/html/dce.html","3.16"
"DeProViR","/packages/3.19/bioc/html/DeProViR.html","3.16"
"DIAlignR","/packages/3.19/bioc/html/DIAlignR.html","3.16"
"GeneGeneInteR","/packages/3.20/bioc/html/GeneGeneInteR.html","3.16"
"genoCN","/packages/3.20/bioc/html/genoCN.html","3.16"
"gespeR","/packages/3.19/bioc/html/gespeR.html","3.16"
"GraphPAC","/packages/3.19/bioc/html/GraphPAC.html","3.16"
"HTSeqGenie","/packages/3.19/bioc/html/HTSeqGenie.html","3.16"
"iPAC","/packages/3.19/bioc/html/iPAC.html","3.16"
"MAGeCKFlute","/packages/3.20/bioc/html/MAGeCKFlute.html","3.16"
"netDx","/packages/3.17/bioc/html/netDx.html","3.16"
"NeuCA","/packages/3.19/bioc/html/NeuCA.html","3.16"
"PanViz","/packages/3.19/bioc/html/PanViz.html","3.16"
"pareg","/packages/3.19/bioc/html/pareg.html","3.16"
"paxtoolsr","/packages/3.19/bioc/html/paxtoolsr.html","3.16"
"PICS","/packages/3.20/bioc/html/PICS.html","3.16"
"PING","/packages/3.20/bioc/html/PING.html","3.16"
"QuartPAC","/packages/3.19/bioc/html/QuartPAC.html","3.16"
"ReactomeContentService4R","/packages/3.19/bioc/html/ReactomeContentService4R.html","3.16"
"RGMQL","/packages/3.16/bioc/html/RGMQL.html","3.16"
"SpacePAC","/packages/3.19/bioc/html/SpacePAC.html","3.16"
"staRank","/packages/3.19/bioc/html/staRank.html","3.16"
"STdeconvolve","/packages/3.19/bioc/html/STdeconvolve.html","3.16"
"supraHex","/packages/3.19/bioc/html/supraHex.html","3.16"
"trigger","/packages/3.20/bioc/html/trigger.html","3.16"
"TypeInfo","/packages/3.19/bioc/html/TypeInfo.html","3.16"
"BiocOncoTK","/packages/3.17/bioc/html/BiocOncoTK.html","3.16"
"psygenet2r","/packages/3.18/bioc/html/psygenet2r.html","3.16"
"rDGIdb","/packages/3.17/bioc/html/rDGIdb.html","3.16"
"RNAinteract","/packages/3.19/bioc/html/RNAinteract.html","3.16"
"ATACCoGAPS","/packages/3.18/bioc/html/ATACCoGAPS.html","3.16"
"biodbExpasy","/packages/3.18/bioc/html/biodbExpasy.html","3.16"
"biodbKegg","/packages/3.18/bioc/html/biodbKegg.html","3.16"
"brainflowprobes","/packages/3.18/bioc/html/brainflowprobes.html","3.16"
"BRGenomics","/packages/3.16/bioc/html/BRGenomics.html","3.16"
"CellaRepertorium","/packages/3.18/bioc/html/CellaRepertorium.html","3.16"
"microbiomeMarker","/packages/3.18/bioc/html/microbiomeMarker.html","3.16"
"MQmetrics","/packages/3.17/bioc/html/MQmetrics.html","3.16"
"nanotatoR","/packages/3.18/bioc/html/nanotatoR.html","3.16"
"netOmics","/packages/3.17/bioc/html/netOmics.html","3.16"
"Pi","/packages/3.17/bioc/html/Pi.html","3.16"
"polyester","/packages/3.18/bioc/html/polyester.html","3.16"
"RandomWalkRestartMH","/packages/3.17/bioc/html/RandomWalkRestartMH.html","3.16"
"Risa","/packages/3.18/bioc/html/Risa.html","3.16"
"single","/packages/3.17/bioc/html/single.html","3.16"
"SummarizedBenchmark","/packages/3.17/bioc/html/SummarizedBenchmark.html","3.16"
"CancerInSilico","/packages/3.16/bioc/html/CancerInSilico.html","3.16"
"cellHTS2","/packages/3.18/bioc/html/cellHTS2.html","3.16"
"CNVgears","/packages/3.18/bioc/html/CNVgears.html","3.16"
"compartmap","/packages/3.16/bioc/html/compartmap.html","3.16"
"ensemblVEP","/packages/3.15/bioc/html/ensemblVEP.html","3.16"
"HumanTranscriptomeCompendium","/packages/3.17/bioc/html/HumanTranscriptomeCompendium.html","3.16"
"maigesPack","/packages/3.16/bioc/html/maigesPack.html","3.16"
"MMAPPR2","/packages/3.15/bioc/html/MMAPPR2.html","3.16"
"openPrimeRui","/packages/3.18/bioc/html/openPrimeRui.html","3.16"
"pwOmics","/packages/3.16/bioc/html/pwOmics.html","3.16"
"restfulSE","/packages/3.15/bioc/html/restfulSE.html","3.16"
"beadarraySNP","/packages/3.18/bioc/html/beadarraySNP.html","3.16"
"BDMMAcorrect","/packages/3.16/bioc/html/BDMMAcorrect.html","3.16"
"BHC","/packages/3.16/bioc/html/BHC.html","3.16"
"biodbLipidmaps","/packages/3.17/bioc/html/biodbLipidmaps.html","3.16"
"BioNetStat","/packages/3.17/bioc/html/BioNetStat.html","3.16"
"CancerSubtypes","/packages/3.16/bioc/html/CancerSubtypes.html","3.16"
"cliqueMS","/packages/3.17/bioc/html/cliqueMS.html","3.16"
"contiBAIT","/packages/3.18/bioc/html/contiBAIT.html","3.16"
"CoRegNet","/packages/3.16/bioc/html/CoRegNet.html","3.16"
"CORREP","/packages/3.18/bioc/html/CORREP.html","3.16"
"crisprseekplus","/packages/3.16/bioc/html/crisprseekplus.html","3.16"
"DNABarcodes","/packages/3.16/bioc/html/DNABarcodes.html","3.16"
"dpeak","/packages/3.16/bioc/html/dpeak.html","3.16"
"EBSeqHMM","/packages/3.17/bioc/html/EBSeqHMM.html","3.16"
"eegc","/packages/3.16/bioc/html/eegc.html","3.16"
"enrichTF","/packages/3.16/bioc/html/enrichTF.html","3.16"
"exomePeak2","/packages/3.16/bioc/html/exomePeak2.html","3.16"
"farms","/packages/3.16/bioc/html/farms.html","3.16"
"FCBF","/packages/3.16/bioc/html/FCBF.html","3.16"
"flowMap","/packages/3.16/bioc/html/flowMap.html","3.16"
"FoldGO","/packages/3.16/bioc/html/FoldGO.html","3.16"
"FScanR","/packages/3.18/bioc/html/FScanR.html","3.16"
"FunChIP","/packages/3.18/bioc/html/FunChIP.html","3.16"
"GOSim","/packages/3.18/bioc/html/GOSim.html","3.16"
"ImmuneSpaceR","/packages/3.17/bioc/html/ImmuneSpaceR.html","3.16"
"InterMineR","/packages/3.18/bioc/html/InterMineR.html","3.16"
"IntOMICS","/packages/3.17/bioc/html/IntOMICS.html","3.16"
"IRISFGM","/packages/3.16/bioc/html/IRISFGM.html","3.16"
"iterClust","/packages/3.18/bioc/html/iterClust.html","3.16"
"metagene","/packages/3.16/bioc/html/metagene.html","3.16"
"MetaVolcanoR","/packages/3.18/bioc/html/MetaVolcanoR.html","3.16"
"miRmine","/packages/3.18/bioc/html/miRmine.html","3.16"
"MobilityTransformR","/packages/3.18/bioc/html/MobilityTransformR.html","3.16"
"multiOmicsViz","/packages/3.16/bioc/html/multiOmicsViz.html","3.16"
"NeighborNet","/packages/3.16/bioc/html/NeighborNet.html","3.16"
"oneSENSE","/packages/3.12/bioc/html/oneSENSE.html","3.16"
"pathVar","/packages/3.16/bioc/html/pathVar.html","3.16"
"pcxn","/packages/3.18/bioc/html/pcxn.html","3.16"
"PERFect","/packages/3.16/bioc/html/PERFect.html","3.16"
"phemd","/packages/3.17/bioc/html/phemd.html","3.16"
"PloGO2","/packages/3.16/bioc/html/PloGO2.html","3.16"
"proteasy","/packages/3.16/bioc/html/proteasy.html","3.16"
"PSEA","/packages/3.18/bioc/html/PSEA.html","3.16"
"RefPlus","/packages/3.16/bioc/html/RefPlus.html","3.16"
"ReQON","/packages/3.16/bioc/html/ReQON.html","3.16"
"RIPAT","/packages/3.16/bioc/html/RIPAT.html","3.16"
"RLSeq","/packages/3.16/bioc/html/RLSeq.html","3.16"
"SimBindProfiles","/packages/3.18/bioc/html/SimBindProfiles.html","3.16"
"SMAP","/packages/3.18/bioc/html/SMAP.html","3.16"
"sparseDOSSA","/packages/3.16/bioc/html/sparseDOSSA.html","3.16"
"SpidermiR","/packages/3.17/bioc/html/SpidermiR.html","3.16"
"SQUADD","/packages/3.18/bioc/html/SQUADD.html","3.16"
"StarBioTrek","/packages/3.17/bioc/html/StarBioTrek.html","3.16"
"STROMA4","/packages/3.16/bioc/html/STROMA4.html","3.16"
"TimiRGeN","/packages/3.16/bioc/html/TimiRGeN.html","3.16"
"TNBC.CMS","/packages/3.18/bioc/html/TNBC.CMS.html","3.16"
"MMAPPR2data","/packages/3.19/data/experiment/html/MMAPPR2data.html","3.16"
"pcxnData","/packages/3.18/data/experiment/html/pcxnData.html","3.16"
"restfulSEData","/packages/3.19/data/experiment/html/restfulSEData.html","3.16"
"RLHub","/packages/3.16/data/experiment/html/RLHub.html","3.16"
"BGmix","/packages/3.16/bioc/html/BGmix.html","3.16"
"bigPint","/packages/3.16/bioc/html/bigPint.html","3.16"
"biodbMirbase","/packages/3.17/bioc/html/biodbMirbase.html","3.16"
"BioMM","/packages/3.16/bioc/html/BioMM.html","3.16"
"Clonality","/packages/3.16/bioc/html/Clonality.html","3.16"
"COHCAP","/packages/3.18/bioc/html/COHCAP.html","3.16"
"CSSP","/packages/3.16/bioc/html/CSSP.html","3.16"
"deco","/packages/3.16/bioc/html/deco.html","3.16"
"DeepBlueR","/packages/3.17/bioc/html/DeepBlueR.html","3.16"
"DMRforPairs","/packages/3.16/bioc/html/DMRforPairs.html","3.16"
"exomeCopy","/packages/3.18/bioc/html/exomeCopy.html","3.16"
"fcoex","/packages/3.16/bioc/html/fcoex.html","3.16"
"gaggle","/packages/3.18/bioc/html/gaggle.html","3.16"
"GCSscore","/packages/3.17/bioc/html/GCSscore.html","3.16"
"genbankr","/packages/3.16/bioc/html/genbankr.html","3.16"
"GISPA","/packages/3.18/bioc/html/GISPA.html","3.16"
"GOsummaries","/packages/3.18/bioc/html/GOsummaries.html","3.16"
"GRridge","/packages/3.16/bioc/html/GRridge.html","3.16"
"HPAStainR","/packages/3.16/bioc/html/HPAStainR.html","3.16"
"imageHTS","/packages/3.16/bioc/html/imageHTS.html","3.16"
"IntOMICS","/packages/3.17/bioc/html/IntOMICS.html","3.16"
"LineagePulse","/packages/3.18/bioc/html/LineagePulse.html","3.16"
"logitT","/packages/3.17/bioc/html/logitT.html","3.16"
"LowMACA","/packages/3.15/bioc/html/LowMACA.html","3.16"
"LPEadj","/packages/3.18/bioc/html/LPEadj.html","3.16"
"macat","/packages/3.18/bioc/html/macat.html","3.16"
"mAPKL","/packages/3.16/bioc/html/mAPKL.html","3.16"
"mbOmic","/packages/3.16/bioc/html/mbOmic.html","3.16"
"Metab","/packages/3.16/bioc/html/Metab.html","3.16"
"MSstatsSampleSize","/packages/3.16/bioc/html/MSstatsSampleSize.html","3.16"
"multiSight","/packages/3.16/bioc/html/multiSight.html","3.16"
"netbiov","/packages/3.16/bioc/html/netbiov.html","3.16"
"OmicsLonDA","/packages/3.16/bioc/html/OmicsLonDA.html","3.16"
"PFP","/packages/3.16/bioc/html/PFP.html","3.16"
"plethy","/packages/3.16/bioc/html/plethy.html","3.16"
"pwrEWAS","/packages/3.16/bioc/html/pwrEWAS.html","3.16"
"qrqc","/packages/3.16/bioc/html/qrqc.html","3.16"
"Ringo","/packages/3.18/bioc/html/Ringo.html","3.16"
"SCATE","/packages/3.16/bioc/html/SCATE.html","3.16"
"SEPIRA","/packages/3.17/bioc/html/SEPIRA.html","3.16"
"seqbias","/packages/3.15/bioc/html/seqbias.html","3.16"
"seqCNA","/packages/3.18/bioc/html/seqCNA.html","3.16"
"SISPA","/packages/3.17/bioc/html/SISPA.html","3.16"
"snapCGH","/packages/3.17/bioc/html/snapCGH.html","3.16"
"sscore","/packages/3.17/bioc/html/sscore.html","3.16"
"Travel","/packages/3.15/bioc/html/Travel.html","3.16"
"trena","/packages/3.17/bioc/html/trena.html","3.16"
"alpine","/packages/3.17/bioc/html/alpine.html","3.16"
"ArrayExpressHTS","/packages/3.15/bioc/html/ArrayExpressHTS.html","3.16"
"ASpediaFI","/packages/3.16/bioc/html/ASpediaFI.html","3.16"
"BiocDockerManager","/packages/3.16/bioc/html/BiocDockerManager.html","3.16"
"ChIC","/packages/3.16/bioc/html/ChIC.html","3.16"
"chromswitch","/packages/3.17/bioc/html/chromswitch.html","3.16"
"copynumber","/packages/3.14/bioc/html/copynumber.html","3.16"
"CopywriteR","/packages/3.16/bioc/html/CopywriteR.html","3.16"
"dasper","/packages/3.15/bioc/html/dasper.html","3.16"
"epihet","/packages/3.16/bioc/html/epihet.html","3.16"
"GAPGOM","/packages/3.14/bioc/html/GAPGOM.html","3.16"
"GeneAccord","/packages/3.16/bioc/html/GeneAccord.html","3.16"
"genotypeeval","/packages/3.16/bioc/html/genotypeeval.html","3.16"
"maanova","/packages/3.16/bioc/html/maanova.html","3.16"
"metavizr","/packages/3.15/bioc/html/metavizr.html","3.16"
"MethCP","/packages/3.16/bioc/html/MethCP.html","3.16"
"MIGSA","/packages/3.16/bioc/html/MIGSA.html","3.16"
"MIMOSA","/packages/3.16/bioc/html/MIMOSA.html","3.16"
"NanoStringQCPro","/packages/3.16/bioc/html/NanoStringQCPro.html","3.16"
"NBSplice","/packages/3.16/bioc/html/NBSplice.html","3.16"
"netboxr","/packages/3.16/bioc/html/netboxr.html","3.16"
"NxtIRFcore","/packages/3.17/bioc/html/NxtIRFcore.html","3.16"
"ODER","/packages/3.15/bioc/html/ODER.html","3.16"
"pkgDepTools","/packages/3.16/bioc/html/pkgDepTools.html","3.16"
"PrecisionTrialDrawer","/packages/3.15/bioc/html/PrecisionTrialDrawer.html","3.16"
"proBatch","/packages/3.16/bioc/html/proBatch.html","3.16"
"proFIA","/packages/3.16/bioc/html/proFIA.html","3.16"
"pulsedSilac","/packages/3.15/bioc/html/pulsedSilac.html","3.16"
"savR","/packages/3.16/bioc/html/savR.html","3.16"
"sigPathway","/packages/3.16/bioc/html/sigPathway.html","3.16"
"STAN","/packages/3.16/bioc/html/STAN.html","3.16"
"TarSeqQC","/packages/3.16/bioc/html/TarSeqQC.html","3.16"
"tscR","/packages/3.16/bioc/html/tscR.html","3.16"
"alpineData","/packages/3.17/data/experiment/html/alpineData.html","3.16"
"plasFIA","/packages/3.16/data/experiment/html/plasFIA.html","3.16"
"AffyCompatible","/packages/3.16/bioc/html/AffyCompatible.html","3.16"
"BAC","/packages/3.16/bioc/html/BAC.html","3.16"
"BitSeq","/packages/3.15/bioc/html/BitSeq.html","3.16"
"BrainSABER","/packages/3.16/bioc/html/BrainSABER.html","3.16"
"bridge","/packages/3.15/bioc/html/bridge.html","3.16"
"cellTree","/packages/3.16/bioc/html/cellTree.html","3.16"
"ctgGEM","/packages/3.15/bioc/html/ctgGEM.html","3.16"
"coexnet","/packages/3.16/bioc/html/coexnet.html","3.16"
"conclus","/packages/3.16/bioc/html/conclus.html","3.16"
"CytoTree","/packages/3.14/bioc/html/CytoTree.html","3.16"
"DEComplexDisease","/packages/3.16/bioc/html/DEComplexDisease.html","3.16"
"flowUtils","/packages/3.15/bioc/html/flowUtils.html","3.16"
"flowCL","/packages/3.16/bioc/html/flowCL.html","3.16"
"gaia","/packages/3.15/bioc/html/gaia.html","3.16"
"gpart","/packages/3.14/bioc/html/gpart.html","3.16"
"inveRsion","/packages/3.14/bioc/html/inveRsion.html","3.16"
"IsoGeneGUI","/packages/3.15/bioc/html/IsoGeneGUI.html","3.16"
"iteremoval","/packages/3.14/bioc/html/iteremoval.html","3.16"
"MACPET","/packages/3.14/bioc/html/MACPET.html","3.16"
"PoTRA","/packages/3.15/bioc/html/PoTRA.html","3.16"
"rama","/packages/3.16/bioc/html/rama.html","3.16"
"Rcade","/packages/3.14/bioc/html/Rcade.html","3.16"
"RNASeqR","/packages/3.16/bioc/html/RNASeqR.html","3.16"
"scAlign","/packages/3.16/bioc/html/scAlign.html","3.16"
"scMAGeCK","/packages/3.15/bioc/html/scMAGeCK.html","3.16"
"sojourner","/packages/3.15/bioc/html/sojourner.html","3.16"
"TCGAbiolinksGUI","/packages/3.15/bioc/html/TCGAbiolinksGUI.html","3.16"
"TDARACNE","/packages/3.16/bioc/html/TDARACNE.html","3.16"
"TimeSeriesExperiment","/packages/3.14/bioc/html/TimeSeriesExperiment.html","3.16"
"TraRe","/packages/3.16/bioc/html/TraRe.html","3.16"
"tspair","/packages/3.15/bioc/html/tspair.html","3.16"
"XCIR","/packages/3.13/bioc/html/XCIR.html","3.16"
"gatingMLData","/packages/3.16/data/experiment/html/gatingMLData.html","3.16"
"RNASeqRData","/packages/3.16/data/experiment/html/RNASeqRData.html","3.16"
"CancerInSilico","/packages/3.16/bioc/html/CancerInSilico.html","3.15"
"cellHTS2","/packages/3.18/bioc/html/cellHTS2.html","3.15"
"CNVgears","/packages/3.18/bioc/html/CNVgears.html","3.15"
"compartmap","/packages/3.16/bioc/html/compartmap.html","3.15"
"ensemblVEP","/packages/3.15/bioc/html/ensemblVEP.html","3.15"
"HumanTranscriptomeCompendium","/packages/3.17/bioc/html/HumanTranscriptomeCompendium.html","3.15"
"maigesPack","/packages/3.16/bioc/html/maigesPack.html","3.15"
"MMAPPR2","/packages/3.15/bioc/html/MMAPPR2.html","3.15"
"openPrimeRui","/packages/3.18/bioc/html/openPrimeRui.html","3.15"
"pwOmics","/packages/3.16/bioc/html/pwOmics.html","3.15"
"restfulSE","/packages/3.15/bioc/html/restfulSE.html","3.15"
"beadarraySNP","/packages/3.18/bioc/html/beadarraySNP.html","3.15"
"BDMMAcorrect","/packages/3.16/bioc/html/BDMMAcorrect.html","3.15"
"BHC","/packages/3.16/bioc/html/BHC.html","3.15"
"biodbLipidmaps","/packages/3.17/bioc/html/biodbLipidmaps.html","3.15"
"BioNetStat","/packages/3.17/bioc/html/BioNetStat.html","3.15"
"CancerSubtypes","/packages/3.16/bioc/html/CancerSubtypes.html","3.15"
"cliqueMS","/packages/3.17/bioc/html/cliqueMS.html","3.15"
"contiBAIT","/packages/3.18/bioc/html/contiBAIT.html","3.15"
"CoRegNet","/packages/3.16/bioc/html/CoRegNet.html","3.15"
"CORREP","/packages/3.18/bioc/html/CORREP.html","3.15"
"crisprseekplus","/packages/3.16/bioc/html/crisprseekplus.html","3.15"
"DNABarcodes","/packages/3.16/bioc/html/DNABarcodes.html","3.15"
"dpeak","/packages/3.16/bioc/html/dpeak.html","3.15"
"EBSeqHMM","/packages/3.17/bioc/html/EBSeqHMM.html","3.15"
"eegc","/packages/3.16/bioc/html/eegc.html","3.15"
"enrichTF","/packages/3.16/bioc/html/enrichTF.html","3.15"
"exomePeak2","/packages/3.16/bioc/html/exomePeak2.html","3.15"
"farms","/packages/3.16/bioc/html/farms.html","3.15"
"FCBF","/packages/3.16/bioc/html/FCBF.html","3.15"
"flowMap","/packages/3.16/bioc/html/flowMap.html","3.15"
"FoldGO","/packages/3.16/bioc/html/FoldGO.html","3.15"
"FScanR","/packages/3.18/bioc/html/FScanR.html","3.15"
"FunChIP","/packages/3.18/bioc/html/FunChIP.html","3.15"
"GOSim","/packages/3.18/bioc/html/GOSim.html","3.15"
"ImmuneSpaceR","/packages/3.17/bioc/html/ImmuneSpaceR.html","3.15"
"InterMineR","/packages/3.18/bioc/html/InterMineR.html","3.15"
"IntOMICS","/packages/3.17/bioc/html/IntOMICS.html","3.15"
"IRISFGM","/packages/3.16/bioc/html/IRISFGM.html","3.15"
"iterClust","/packages/3.18/bioc/html/iterClust.html","3.15"
"metagene","/packages/3.16/bioc/html/metagene.html","3.15"
"MetaVolcanoR","/packages/3.18/bioc/html/MetaVolcanoR.html","3.15"
"miRmine","/packages/3.18/bioc/html/miRmine.html","3.15"
"MobilityTransformR","/packages/3.18/bioc/html/MobilityTransformR.html","3.15"
"multiOmicsViz","/packages/3.16/bioc/html/multiOmicsViz.html","3.15"
"NeighborNet","/packages/3.16/bioc/html/NeighborNet.html","3.15"
"oneSENSE","/packages/3.12/bioc/html/oneSENSE.html","3.15"
"pathVar","/packages/3.16/bioc/html/pathVar.html","3.15"
"pcxn","/packages/3.18/bioc/html/pcxn.html","3.15"
"PERFect","/packages/3.16/bioc/html/PERFect.html","3.15"
"phemd","/packages/3.17/bioc/html/phemd.html","3.15"
"PloGO2","/packages/3.16/bioc/html/PloGO2.html","3.15"
"proteasy","/packages/3.16/bioc/html/proteasy.html","3.15"
"PSEA","/packages/3.18/bioc/html/PSEA.html","3.15"
"RefPlus","/packages/3.16/bioc/html/RefPlus.html","3.15"
"ReQON","/packages/3.16/bioc/html/ReQON.html","3.15"
"RIPAT","/packages/3.16/bioc/html/RIPAT.html","3.15"
"RLSeq","/packages/3.16/bioc/html/RLSeq.html","3.15"
"SimBindProfiles","/packages/3.18/bioc/html/SimBindProfiles.html","3.15"
"SMAP","/packages/3.18/bioc/html/SMAP.html","3.15"
"sparseDOSSA","/packages/3.16/bioc/html/sparseDOSSA.html","3.15"
"SpidermiR","/packages/3.17/bioc/html/SpidermiR.html","3.15"
"SQUADD","/packages/3.18/bioc/html/SQUADD.html","3.15"
"StarBioTrek","/packages/3.17/bioc/html/StarBioTrek.html","3.15"
"STROMA4","/packages/3.16/bioc/html/STROMA4.html","3.15"
"TimiRGeN","/packages/3.16/bioc/html/TimiRGeN.html","3.15"
"TNBC.CMS","/packages/3.18/bioc/html/TNBC.CMS.html","3.15"
"BGmix","/packages/3.16/bioc/html/BGmix.html","3.15"
"bigPint","/packages/3.16/bioc/html/bigPint.html","3.15"
"biodbMirbase","/packages/3.17/bioc/html/biodbMirbase.html","3.15"
"BioMM","/packages/3.16/bioc/html/BioMM.html","3.15"
"Clonality","/packages/3.16/bioc/html/Clonality.html","3.15"
"COHCAP","/packages/3.18/bioc/html/COHCAP.html","3.15"
"CSSP","/packages/3.16/bioc/html/CSSP.html","3.15"
"deco","/packages/3.16/bioc/html/deco.html","3.15"
"DeepBlueR","/packages/3.17/bioc/html/DeepBlueR.html","3.15"
"DMRforPairs","/packages/3.16/bioc/html/DMRforPairs.html","3.15"
"exomeCopy","/packages/3.18/bioc/html/exomeCopy.html","3.15"
"fcoex","/packages/3.16/bioc/html/fcoex.html","3.15"
"gaggle","/packages/3.18/bioc/html/gaggle.html","3.15"
"GCSscore","/packages/3.17/bioc/html/GCSscore.html","3.15"
"genbankr","/packages/3.16/bioc/html/genbankr.html","3.15"
"GISPA","/packages/3.18/bioc/html/GISPA.html","3.15"
"GOsummaries","/packages/3.18/bioc/html/GOsummaries.html","3.15"
"GRridge","/packages/3.16/bioc/html/GRridge.html","3.15"
"HPAStainR","/packages/3.16/bioc/html/HPAStainR.html","3.15"
"imageHTS","/packages/3.16/bioc/html/imageHTS.html","3.15"
"IntOMICS","/packages/3.17/bioc/html/IntOMICS.html","3.15"
"LineagePulse","/packages/3.18/bioc/html/LineagePulse.html","3.15"
"logitT","/packages/3.17/bioc/html/logitT.html","3.15"
"LowMACA","/packages/3.15/bioc/html/LowMACA.html","3.15"
"LPEadj","/packages/3.18/bioc/html/LPEadj.html","3.15"
"macat","/packages/3.18/bioc/html/macat.html","3.15"
"mAPKL","/packages/3.16/bioc/html/mAPKL.html","3.15"
"mbOmic","/packages/3.16/bioc/html/mbOmic.html","3.15"
"Metab","/packages/3.16/bioc/html/Metab.html","3.15"
"MSstatsSampleSize","/packages/3.16/bioc/html/MSstatsSampleSize.html","3.15"
"multiSight","/packages/3.16/bioc/html/multiSight.html","3.15"
"netbiov","/packages/3.16/bioc/html/netbiov.html","3.15"
"OmicsLonDA","/packages/3.16/bioc/html/OmicsLonDA.html","3.15"
"PFP","/packages/3.16/bioc/html/PFP.html","3.15"
"plethy","/packages/3.16/bioc/html/plethy.html","3.15"
"pwrEWAS","/packages/3.16/bioc/html/pwrEWAS.html","3.15"
"qrqc","/packages/3.16/bioc/html/qrqc.html","3.15"
"Ringo","/packages/3.18/bioc/html/Ringo.html","3.15"
"SCATE","/packages/3.16/bioc/html/SCATE.html","3.15"
"SEPIRA","/packages/3.17/bioc/html/SEPIRA.html","3.15"
"seqbias","/packages/3.15/bioc/html/seqbias.html","3.15"
"seqCNA","/packages/3.18/bioc/html/seqCNA.html","3.15"
"SISPA","/packages/3.17/bioc/html/SISPA.html","3.15"
"snapCGH","/packages/3.17/bioc/html/snapCGH.html","3.15"
"sscore","/packages/3.17/bioc/html/sscore.html","3.15"
"Travel","/packages/3.15/bioc/html/Travel.html","3.15"
"trena","/packages/3.17/bioc/html/trena.html","3.15"
"alpine","/packages/3.17/bioc/html/alpine.html","3.15"
"ArrayExpressHTS","/packages/3.15/bioc/html/ArrayExpressHTS.html","3.15"
"ASpediaFI","/packages/3.16/bioc/html/ASpediaFI.html","3.15"
"BiocDockerManager","/packages/3.16/bioc/html/BiocDockerManager.html","3.15"
"ChIC","/packages/3.16/bioc/html/ChIC.html","3.15"
"chromswitch","/packages/3.17/bioc/html/chromswitch.html","3.15"
"copynumber","/packages/3.14/bioc/html/copynumber.html","3.15"
"CopywriteR","/packages/3.16/bioc/html/CopywriteR.html","3.15"
"dasper","/packages/3.15/bioc/html/dasper.html","3.15"
"epihet","/packages/3.16/bioc/html/epihet.html","3.15"
"GAPGOM","/packages/3.14/bioc/html/GAPGOM.html","3.15"
"GeneAccord","/packages/3.16/bioc/html/GeneAccord.html","3.15"
"genotypeeval","/packages/3.16/bioc/html/genotypeeval.html","3.15"
"maanova","/packages/3.16/bioc/html/maanova.html","3.15"
"metavizr","/packages/3.15/bioc/html/metavizr.html","3.15"
"MethCP","/packages/3.16/bioc/html/MethCP.html","3.15"
"MIGSA","/packages/3.16/bioc/html/MIGSA.html","3.15"
"MIMOSA","/packages/3.16/bioc/html/MIMOSA.html","3.15"
"NanoStringQCPro","/packages/3.16/bioc/html/NanoStringQCPro.html","3.15"
"NBSplice","/packages/3.16/bioc/html/NBSplice.html","3.15"
"netboxr","/packages/3.16/bioc/html/netboxr.html","3.15"
"NxtIRFcore","/packages/3.17/bioc/html/NxtIRFcore.html","3.15"
"ODER","/packages/3.15/bioc/html/ODER.html","3.15"
"pkgDepTools","/packages/3.16/bioc/html/pkgDepTools.html","3.15"
"PrecisionTrialDrawer","/packages/3.15/bioc/html/PrecisionTrialDrawer.html","3.15"
"proBatch","/packages/3.16/bioc/html/proBatch.html","3.15"
"proFIA","/packages/3.16/bioc/html/proFIA.html","3.15"
"pulsedSilac","/packages/3.15/bioc/html/pulsedSilac.html","3.15"
"savR","/packages/3.16/bioc/html/savR.html","3.15"
"sigPathway","/packages/3.16/bioc/html/sigPathway.html","3.15"
"STAN","/packages/3.16/bioc/html/STAN.html","3.15"
"TarSeqQC","/packages/3.16/bioc/html/TarSeqQC.html","3.15"
"tscR","/packages/3.16/bioc/html/tscR.html","3.15"
"AffyCompatible","/packages/3.16/bioc/html/AffyCompatible.html","3.15"
"BAC","/packages/3.16/bioc/html/BAC.html","3.15"
"BitSeq","/packages/3.15/bioc/html/BitSeq.html","3.15"
"BrainSABER","/packages/3.16/bioc/html/BrainSABER.html","3.15"
"bridge","/packages/3.15/bioc/html/bridge.html","3.15"
"cellTree","/packages/3.16/bioc/html/cellTree.html","3.15"
"ctgGEM","/packages/3.15/bioc/html/ctgGEM.html","3.15"
"coexnet","/packages/3.16/bioc/html/coexnet.html","3.15"
"conclus","/packages/3.16/bioc/html/conclus.html","3.15"
"CytoTree","/packages/3.14/bioc/html/CytoTree.html","3.15"
"DEComplexDisease","/packages/3.16/bioc/html/DEComplexDisease.html","3.15"
"flowUtils","/packages/3.15/bioc/html/flowUtils.html","3.15"
"flowCL","/packages/3.16/bioc/html/flowCL.html","3.15"
"gaia","/packages/3.15/bioc/html/gaia.html","3.15"
"gpart","/packages/3.14/bioc/html/gpart.html","3.15"
"inveRsion","/packages/3.14/bioc/html/inveRsion.html","3.15"
"IsoGeneGUI","/packages/3.15/bioc/html/IsoGeneGUI.html","3.15"
"iteremoval","/packages/3.14/bioc/html/iteremoval.html","3.15"
"MACPET","/packages/3.14/bioc/html/MACPET.html","3.15"
"PoTRA","/packages/3.15/bioc/html/PoTRA.html","3.15"
"rama","/packages/3.16/bioc/html/rama.html","3.15"
"Rcade","/packages/3.14/bioc/html/Rcade.html","3.15"
"RNASeqR","/packages/3.16/bioc/html/RNASeqR.html","3.15"
"scAlign","/packages/3.16/bioc/html/scAlign.html","3.15"
"scMAGeCK","/packages/3.15/bioc/html/scMAGeCK.html","3.15"
"sojourner","/packages/3.15/bioc/html/sojourner.html","3.15"
"TCGAbiolinksGUI","/packages/3.15/bioc/html/TCGAbiolinksGUI.html","3.15"
"TDARACNE","/packages/3.16/bioc/html/TDARACNE.html","3.15"
"TimeSeriesExperiment","/packages/3.14/bioc/html/TimeSeriesExperiment.html","3.15"
"TraRe","/packages/3.16/bioc/html/TraRe.html","3.15"
"tspair","/packages/3.15/bioc/html/tspair.html","3.15"
"XCIR","/packages/3.13/bioc/html/XCIR.html","3.15"
"MafH5.gnomAD.v3.1.1.GRCh38_3.13.1.tar.gz","/packages/3.15/data/annotation/html/MafH5.gnomAD.v3.1.1.GRCh38_3.13.1.tar.gz","3.15"
"SNPlocs.Hsapiens.dbSNP.20101109","/packages/3.15/data/annotation/html/SNPlocs.Hsapiens.dbSNP.20101109","3.15"
"SNPlocs.Hsapiens.dbSNP.20120608","/packages/3.15/data/annotation/html/SNPlocs.Hsapiens.dbSNP.20120608","3.15"
"SNPlocs.Hsapiens.dbSNP141.GRCh38","/packages/3.15/data/annotation/html/SNPlocs.Hsapiens.dbSNP141.GRCh38","3.15"
"SNPlocs.Hsapiens.dbSNP142.GRCh37","/packages/3.15/data/annotation/html/SNPlocs.Hsapiens.dbSNP142.GRCh37","3.15"
"SNPlocs.Hsapiens.dbSNP151.GRCh38","/packages/3.15/data/annotation/html/SNPlocs.Hsapiens.dbSNP151.GRCh38","3.15"
"XtraSNPlocs.Hsapiens.dbSNP141.GRCh38","/packages/3.15/data/annotation/html/XtraSNPlocs.Hsapiens.dbSNP141.GRCh38","3.15"
"alpine","/packages/3.17/bioc/html/alpine.html","3.14"
"ArrayExpressHTS","/packages/3.15/bioc/html/ArrayExpressHTS.html","3.14"
"ASpediaFI","/packages/3.16/bioc/html/ASpediaFI.html","3.14"
"BiocDockerManager","/packages/3.16/bioc/html/BiocDockerManager.html","3.14"
"ChIC","/packages/3.16/bioc/html/ChIC.html","3.14"
"chromswitch","/packages/3.17/bioc/html/chromswitch.html","3.14"
"copynumber","/packages/3.14/bioc/html/copynumber.html","3.14"
"CopywriteR","/packages/3.16/bioc/html/CopywriteR.html","3.14"
"dasper","/packages/3.15/bioc/html/dasper.html","3.14"
"epihet","/packages/3.16/bioc/html/epihet.html","3.14"
"GAPGOM","/packages/3.14/bioc/html/GAPGOM.html","3.14"
"GeneAccord","/packages/3.16/bioc/html/GeneAccord.html","3.14"
"genotypeeval","/packages/3.16/bioc/html/genotypeeval.html","3.14"
"maanova","/packages/3.16/bioc/html/maanova.html","3.14"
"metavizr","/packages/3.15/bioc/html/metavizr.html","3.14"
"MethCP","/packages/3.16/bioc/html/MethCP.html","3.14"
"MIGSA","/packages/3.16/bioc/html/MIGSA.html","3.14"
"MIMOSA","/packages/3.16/bioc/html/MIMOSA.html","3.14"
"NanoStringQCPro","/packages/3.16/bioc/html/NanoStringQCPro.html","3.14"
"NBSplice","/packages/3.16/bioc/html/NBSplice.html","3.14"
"netboxr","/packages/3.16/bioc/html/netboxr.html","3.14"
"NxtIRFcore","/packages/3.17/bioc/html/NxtIRFcore.html","3.14"
"ODER","/packages/3.15/bioc/html/ODER.html","3.14"
"pkgDepTools","/packages/3.16/bioc/html/pkgDepTools.html","3.14"
"PrecisionTrialDrawer","/packages/3.15/bioc/html/PrecisionTrialDrawer.html","3.14"
"proBatch","/packages/3.16/bioc/html/proBatch.html","3.14"
"proFIA","/packages/3.16/bioc/html/proFIA.html","3.14"
"pulsedSilac","/packages/3.15/bioc/html/pulsedSilac.html","3.14"
"savR","/packages/3.16/bioc/html/savR.html","3.14"
"sigPathway","/packages/3.16/bioc/html/sigPathway.html","3.14"
"STAN","/packages/3.16/bioc/html/STAN.html","3.14"
"TarSeqQC","/packages/3.16/bioc/html/TarSeqQC.html","3.14"
"tscR","/packages/3.16/bioc/html/tscR.html","3.14"
"AffyCompatible","/packages/3.16/bioc/html/AffyCompatible.html","3.14"
"BAC","/packages/3.16/bioc/html/BAC.html","3.14"
"BitSeq","/packages/3.15/bioc/html/BitSeq.html","3.14"
"BrainSABER","/packages/3.16/bioc/html/BrainSABER.html","3.14"
"bridge","/packages/3.15/bioc/html/bridge.html","3.14"
"cellTree","/packages/3.16/bioc/html/cellTree.html","3.14"
"ctgGEM","/packages/3.15/bioc/html/ctgGEM.html","3.14"
"coexnet","/packages/3.16/bioc/html/coexnet.html","3.14"
"conclus","/packages/3.16/bioc/html/conclus.html","3.14"
"CytoTree","/packages/3.14/bioc/html/CytoTree.html","3.14"
"DEComplexDisease","/packages/3.16/bioc/html/DEComplexDisease.html","3.14"
"flowUtils","/packages/3.15/bioc/html/flowUtils.html","3.14"
"flowCL","/packages/3.16/bioc/html/flowCL.html","3.14"
"gaia","/packages/3.15/bioc/html/gaia.html","3.14"
"gpart","/packages/3.14/bioc/html/gpart.html","3.14"
"inveRsion","/packages/3.14/bioc/html/inveRsion.html","3.14"
"IsoGeneGUI","/packages/3.15/bioc/html/IsoGeneGUI.html","3.14"
"iteremoval","/packages/3.14/bioc/html/iteremoval.html","3.14"
"MACPET","/packages/3.14/bioc/html/MACPET.html","3.14"
"PoTRA","/packages/3.15/bioc/html/PoTRA.html","3.14"
"rama","/packages/3.16/bioc/html/rama.html","3.14"
"Rcade","/packages/3.14/bioc/html/Rcade.html","3.14"
"RNASeqR","/packages/3.16/bioc/html/RNASeqR.html","3.14"
"scAlign","/packages/3.16/bioc/html/scAlign.html","3.14"
"scMAGeCK","/packages/3.15/bioc/html/scMAGeCK.html","3.14"
"sojourner","/packages/3.15/bioc/html/sojourner.html","3.14"
"TCGAbiolinksGUI","/packages/3.15/bioc/html/TCGAbiolinksGUI.html","3.14"
"TDARACNE","/packages/3.16/bioc/html/TDARACNE.html","3.14"
"TimeSeriesExperiment","/packages/3.14/bioc/html/TimeSeriesExperiment.html","3.14"
"TraRe","/packages/3.16/bioc/html/TraRe.html","3.14"
"tspair","/packages/3.15/bioc/html/tspair.html","3.14"
"XCIR","/packages/3.13/bioc/html/XCIR.html","3.14"
"ABAEnrichment","/packages/3.14/bioc/html/ABAEnrichment.html","3.14"
"Autotuner","/packages/3.13/bioc/html/Autotuner.html","3.14"
"CAnD","/packages/3.14/bioc/html/CAnD.html","3.14"
"caOmicsV","/packages/3.14/bioc/html/caOmicsV.html","3.14"
"clonotypeR","/packages/3.14/bioc/html/clonotypeR.html","3.14"
"CountClust","/packages/3.13/bioc/html/CountClust.html","3.14"
"diffloop","/packages/3.14/bioc/html/diffloop.html","3.14"
"GCSConnection","/packages/3.14/bioc/html/GCSConnection.html","3.14"
"GCSFilesystem","/packages/3.14/bioc/html/GCSFilesystem.html","3.14"
"GenoGAM","/packages/3.13/bioc/html/GenoGAM.html","3.14"
"genphen","/packages/3.12/bioc/html/genphen.html","3.14"
"gprege","/packages/3.14/bioc/html/gprege.html","3.14"
"networkBMA","/packages/3.14/bioc/html/networkBMA.html","3.14"
"Onassis","/packages/3.12/bioc/html/Onassis.html","3.14"
"perturbatr","/packages/3.13/bioc/html/perturbatr.html","3.14"
"ppiStats","/packages/3.14/bioc/html/ppiStats.htm","3.14"
"ProteomicsAnnotationHubData ","/packages/3.14/bioc/html/ProteomicsAnnotationHubData.html","3.14"
"PSICQUIC","/packages/3.14/bioc/html/PSICQUIC.html","3.14"
"PubScore ","/packages/3.14/bioc/html/PubScore.html","3.14"
"Rgin","/packages/3.14/bioc/html/Rgin.html","3.14"
"RmiR","/packages/3.14/bioc/html/RmiR.html","3.14"
"RpsiXML","/packages/3.14/bioc/html/RpsiXML.html","3.14"
"ScISI","/packages/3.13/bioc/html/ScISI.html","3.14"
"SLGI","/packages/3.14/bioc/html/SLGI.html","3.14"
"Sushi","/packages/3.14/bioc/html/Sushi.html","3.14"
"tofsims","/packages/3.14/bioc/html/tofsims.html","3.14"
"TSRchitect","/packages/3.14/bioc/html/TSRchitect.html","3.14"
"DREAM4","/packages/3.14/data/experiment/html/DREAM4.html","3.14"
"MSstatsBioData","/packages/3.14/data/experiment/html/MSstatsBioData.html","3.14"
"ppiData","/packages/3.14/data/experiment/html/ppiData.html","3.14"
"proteomics","/packages/3.14/workflow/html/proteomics.html","3.14"
"affyPara","/packages/3.13/bioc/html/affyPara.html","3.14"
"ALPS","/packages/3.13/bioc/html/ALPS.html","3.14"
"alsace","/packages/3.14/bioc/html/alsace.html","3.14"
"BrainStars","/packages/3.12/bioc/html/BrainStars.html","3.14"
"dualKS","/packages/3.13/bioc/html/dualKS.html","3.14"
"ENCODExplorer","/packages/3.12/bioc/html/ENCODExplorer.html","3.14"
"ENVISIONQuery","/packages/3.12/bioc/html/ENVISIONQuery.html","3.14"
"FindMyFriends","/packages/3.12/bioc/html/FindMyFriends.html","3.14"
"GeneAnswers","/packages/3.14/bioc/html/GeneAnswers.html","3.14"
"gramm4R","/packages/3.12/bioc/html/gramm4R.html","3.14"
"KEGGprofile","/packages/3.12/bioc/html/KEGGprofile.html","3.14"
"MSstatsTMTPTM","/packages/3.13/bioc/html/MSstatsTMTPTM.html","3.14"
"MSGFplus","/packages/3.14/bioc/html/MSGFplus.html","3.14"
"MSGFgui","/packages/3.14/bioc/html/MSGFgui.html","3.14"
"slinky","/packages/3.14/bioc/html/slinky.html","3.14"
"PanVizGenerator","/packages/3.13/bioc/html/PanVizGenerator.html","3.14"
"predictionet","/packages/3.14/bioc/html/predictionet.html","3.14"
"RGalaxy","/packages/3.14/bioc/html/RGalaxy.html","3.14"
"scClassifR","/packages/3.14/bioc/html/scClassifR.html","3.14"
"SRGnet","/packages/3.12/bioc/html/SRGnet.html","3.14"
"SwimR","/packages/3.13/bioc/html/SwimR.html","3.14"
"ABAData","/packages/3.14/data/experiment/html/ABAData.html","3.14"
"brainImageRdata","/packages/3.14/data/experiment/html/brainImageRdata.html","3.14"
"tcgaWGBSData.hg19","/packages/3.14/data/experiment/html/tcgaWGBSData.hg19.html","3.14"
"org.Pf.plasmo.db","/packages/3.14/data/annotation/html/org.Pf.plasmo.db.html","3.14"
"AffyCompatible","/packages/3.16/bioc/html/AffyCompatible.html","3.13"
"BAC","/packages/3.16/bioc/html/BAC.html","3.13"
"BitSeq","/packages/3.15/bioc/html/BitSeq.html","3.13"
"BrainSABER","/packages/3.16/bioc/html/BrainSABER.html","3.13"
"bridge","/packages/3.15/bioc/html/bridge.html","3.13"
"cellTree","/packages/3.16/bioc/html/cellTree.html","3.13"
"ctgGEM","/packages/3.15/bioc/html/ctgGEM.html","3.13"
"coexnet","/packages/3.16/bioc/html/coexnet.html","3.13"
"conclus","/packages/3.16/bioc/html/conclus.html","3.13"
"CytoTree","/packages/3.14/bioc/html/CytoTree.html","3.13"
"DEComplexDisease","/packages/3.16/bioc/html/DEComplexDisease.html","3.13"
"flowUtils","/packages/3.15/bioc/html/flowUtils.html","3.13"
"flowCL","/packages/3.16/bioc/html/flowCL.html","3.13"
"gaia","/packages/3.15/bioc/html/gaia.html","3.13"
"gpart","/packages/3.14/bioc/html/gpart.html","3.13"
"inveRsion","/packages/3.14/bioc/html/inveRsion.html","3.13"
"IsoGeneGUI","/packages/3.15/bioc/html/IsoGeneGUI.html","3.13"
"iteremoval","/packages/3.14/bioc/html/iteremoval.html","3.13"
"MACPET","/packages/3.14/bioc/html/MACPET.html","3.13"
"PoTRA","/packages/3.15/bioc/html/PoTRA.html","3.13"
"rama","/packages/3.16/bioc/html/rama.html","3.13"
"Rcade","/packages/3.14/bioc/html/Rcade.html","3.13"
"RNASeqR","/packages/3.16/bioc/html/RNASeqR.html","3.13"
"scAlign","/packages/3.16/bioc/html/scAlign.html","3.13"
"scMAGeCK","/packages/3.15/bioc/html/scMAGeCK.html","3.13"
"sojourner","/packages/3.15/bioc/html/sojourner.html","3.13"
"TCGAbiolinksGUI","/packages/3.15/bioc/html/TCGAbiolinksGUI.html","3.13"
"TDARACNE","/packages/3.16/bioc/html/TDARACNE.html","3.13"
"TimeSeriesExperiment","/packages/3.14/bioc/html/TimeSeriesExperiment.html","3.13"
"TraRe","/packages/3.16/bioc/html/TraRe.html","3.13"
"tspair","/packages/3.15/bioc/html/tspair.html","3.13"
"XCIR","/packages/3.13/bioc/html/XCIR.html","3.13"
"ABAEnrichment","/packages/3.14/bioc/html/ABAEnrichment.html","3.13"
"Autotuner","/packages/3.13/bioc/html/Autotuner.html","3.13"
"CAnD","/packages/3.14/bioc/html/CAnD.html","3.13"
"caOmicsV","/packages/3.14/bioc/html/caOmicsV.html","3.13"
"clonotypeR","/packages/3.14/bioc/html/clonotypeR.html","3.13"
"CountClust","/packages/3.13/bioc/html/CountClust.html","3.13"
"diffloop","/packages/3.14/bioc/html/diffloop.html","3.13"
"GCSConnection","/packages/3.14/bioc/html/GCSConnection.html","3.13"
"GCSFilesystem","/packages/3.14/bioc/html/GCSFilesystem.html","3.13"
"GenoGAM","/packages/3.13/bioc/html/GenoGAM.html","3.13"
"genphen","/packages/3.12/bioc/html/genphen.html","3.13"
"gprege","/packages/3.14/bioc/html/gprege.html","3.13"
"networkBMA","/packages/3.14/bioc/html/networkBMA.html","3.13"
"Onassis","/packages/3.12/bioc/html/Onassis.html","3.13"
"perturbatr","/packages/3.13/bioc/html/perturbatr.html","3.13"
"ppiStats","/packages/3.14/bioc/html/ppiStats.htm","3.13"
"ProteomicsAnnotationHubData ","/packages/3.14/bioc/html/ProteomicsAnnotationHubData.html","3.13"
"PSICQUIC","/packages/3.14/bioc/html/PSICQUIC.html","3.13"
"PubScore ","/packages/3.14/bioc/html/PubScore.html","3.13"
"Rgin","/packages/3.14/bioc/html/Rgin.html","3.13"
"RmiR","/packages/3.14/bioc/html/RmiR.html","3.13"
"RpsiXML","/packages/3.14/bioc/html/RpsiXML.html","3.13"
"ScISI","/packages/3.13/bioc/html/ScISI.html","3.13"
"SLGI","/packages/3.14/bioc/html/SLGI.html","3.13"
"Sushi","/packages/3.14/bioc/html/Sushi.html","3.13"
"tofsims","/packages/3.14/bioc/html/tofsims.html","3.13"
"TSRchitect","/packages/3.14/bioc/html/TSRchitect.html","3.13"
"affyPara","/packages/3.13/bioc/html/affyPara.html","3.13"
"ALPS","/packages/3.13/bioc/html/ALPS.html","3.13"
"alsace","/packages/3.14/bioc/html/alsace.html","3.13"
"BrainStars","/packages/3.12/bioc/html/BrainStars.html","3.13"
"dualKS","/packages/3.13/bioc/html/dualKS.html","3.13"
"ENCODExplorer","/packages/3.12/bioc/html/ENCODExplorer.html","3.13"
"ENVISIONQuery","/packages/3.12/bioc/html/ENVISIONQuery.html","3.13"
"FindMyFriends","/packages/3.12/bioc/html/FindMyFriends.html","3.13"
"GeneAnswers","/packages/3.14/bioc/html/GeneAnswers.html","3.13"
"gramm4R","/packages/3.12/bioc/html/gramm4R.html","3.13"
"KEGGprofile","/packages/3.12/bioc/html/KEGGprofile.html","3.13"
"MSstatsTMTPTM","/packages/3.13/bioc/html/MSstatsTMTPTM.html","3.13"
"MSGFplus","/packages/3.14/bioc/html/MSGFplus.html","3.13"
"MSGFgui","/packages/3.14/bioc/html/MSGFgui.html","3.13"
"slinky","/packages/3.14/bioc/html/slinky.html","3.13"
"PanVizGenerator","/packages/3.13/bioc/html/PanVizGenerator.html","3.13"
"predictionet","/packages/3.14/bioc/html/predictionet.html","3.13"
"RGalaxy","/packages/3.14/bioc/html/RGalaxy.html","3.13"
"scClassifR","/packages/3.14/bioc/html/scClassifR.html","3.13"
"SRGnet","/packages/3.12/bioc/html/SRGnet.html","3.13"
"SwimR","/packages/3.13/bioc/html/SwimR.html","3.13"
"AffyExpress","/packages/3.12/bioc/html/AffyExpress.html","3.11"
"affyQCReport","/packages/3.12/bioc/html/affyQCReport.html","3.11"
"AnnotationFuncs","/packages/3.12/bioc/html/AnnotationFuncs.html","3.11"
"ArrayTools","/packages/3.12/bioc/html/ArrayTools.html","3.11"
"bigmemoryExtras","/packages/3.12/bioc/html/bigmemoryExtras.html","3.11"
"BiocCaseStudies","/packages/3.12/bioc/html/BiocCaseStudies.html","3.11"
"CancerMutationAnalysis","/packages/3.12/bioc/html/CancerMutationAnalysis.html","3.11"
"ChIPSeqSpike","/packages/3.12/bioc/html/ChIPSeqSpike.html","3.11"
"CompGO","/packages/3.12/bioc/html/CompGO.html","3.11"
"CoRegFlux","/packages/3.12/bioc/html/CoRegFlux.html","3.11"
"CrossICC","/packages/3.11/bioc/html/CrossICC.html","3.11"
"cytofast","/packages/3.12/bioc/html/cytofast.html","3.11"
"DBChIP","/packages/3.12/bioc/html/DBChIP.html","3.11"
"dexus","/packages/3.12/bioc/html/dexus.html","3.11"
"EasyqpcR","/packages/3.12/bioc/html/EasyqpcR.html","3.11"
"EDDA","/packages/3.12/bioc/html/EDDA.html","3.11"
"eisa","/packages/3.12/bioc/html/eisa.html","3.11"
"ELBOW","/packages/3.12/bioc/html/ELBOW.html","3.11"
"ExpressionView","/packages/3.12/bioc/html/ExpressionView.html","3.11"
"FlowRepositoryR","/packages/3.12/bioc/html/FlowRepositoryR.html","3.11"
"genoset","/packages/3.12/bioc/html/genoset.html","3.11"
"HCABrowser","/packages/3.12/bioc/html/HCABrowser.html","3.11"
"HCAExplorer","/packages/3.12/bioc/html/HCAExplorer.html","3.11"
"HCAMatrixBrowser","/packages/3.12/bioc/html/HCAMatrixBrowser.html","3.11"
"Imetagene","/packages/3.12/bioc/html/Imetagene.html","3.11"
"mdgsa","/packages/3.12/bioc/html/mdgsa.html","3.11"
"metagenomeFeatures ","/packages/3.12/bioc/html/metagenomeFeatures.html","3.11"
"methyAnalysis","/packages/3.12/bioc/html/methyAnalysis.html","3.11"
"MSEADbi","/packages/3.12/bioc/html/MSEADbi.html","3.11"
"OutlierD","/packages/3.12/bioc/html/OutlierD.html","3.11"
"pcot2","/packages/3.12/bioc/html/pcot2.html","3.11"
"PCpheno","/packages/3.12/bioc/html/PCpheno.html","3.11"
"Polyfit","/packages/3.12/bioc/html/Polyfit.html","3.11"
"POST","/packages/3.12/bioc/html/POST.html","3.11"
"RchyOptimyx","/packages/3.12/bioc/html/RchyOptimyx.html","3.11"
"RDAVIDWebService","/packages/3.12/bioc/html/RDAVIDWebService.html","3.11"
"RNAither","/packages/3.12/bioc/html/RNAither.html","3.11"
"RNAprobR","/packages/3.12/bioc/html/RNAprobR.html","3.11"
"rnaSeqMap","/packages/3.12/bioc/html/rnaSeqMap.html","3.11"
"SAGx","/packages/3.12/bioc/html/SAGx.html","3.11"
"samExploreR","/packages/3.12/bioc/html/samExploreR.html","3.11"
"seqplots","/packages/3.12/bioc/html/seqplots.html","3.11"
"simulatorZ","/packages/3.12/bioc/html/simulatorZ.html","3.11"
"SSPA","/packages/3.12/bioc/html/SSPA.html","3.11"
"ToPASeq","/packages/3.12/bioc/html/ToPASeq.html","3.11"
"XBSeq","/packages/3.12/bioc/html/XBSeq.html","3.11"
"yaqcaffy","/packages/3.12/bioc/html/yaqcaffy.html","3.11"
"adaptest","/packages/3.10/bioc/html/adaptest.html","3.11"
"ArrayTV","/packages/3.10/bioc/html/ArrayTV.html","3.11"
"BioSeqClass","/packages/3.10/bioc/html/BioSeqClass.html","3.11"
"CHARGE","/packages/3.10/bioc/html/CHARGE.html","3.11"
"CNVtools","/packages/3.10/bioc/html/CNVtools.html","3.11"
"CorMut","/packages/3.10/bioc/html/CorMut.html","3.11"
"DESeq","/packages/3.10/bioc/html/DESeq.html","3.11"
"chimera","/packages/3.10/bioc/html/chimera.html","3.11"
"explorase","/packages/3.11/bioc/html/explorase.html","3.11"
"flowFit","/packages/3.10/bioc/html/flowFit.html","3.11"
"flowSpy","/packages/3.12/bioc/html/flowSpy.html","3.11"
"flowType","/packages/3.10/bioc/html/flowType.html","3.11"
"focalCall","/packages/3.10/bioc/html/focalCall.html","3.11"
"FourCSeq","/packages/3.12/bioc/html/FourCSeq.html","3.11"
"FunciSNP","/packages/3.11/bioc/html/FunciSNP.html","3.11"
"GenRank","/packages/3.10/bioc/html/GenRank.html","3.11"
"GeneticsDesign","/packages/3.10/bioc/html/GeneticsDesign.html","3.11"
"GGBase","/packages/3.12/bioc/html/GGBase.html","3.11"
"GGtools","/packages/3.12/bioc/html/GGtools.html","3.11"
"GOFunction","/packages/3.10/bioc/html/GOFunction.html","3.11"
"gQTLBase","/packages/3.12/bioc/html/gQTLBase.html","3.11"
"gQTLstats","/packages/3.12/bioc/html/gQTLstats.html","3.11"
"hicrep","/packages/3.10/bioc/html/hicrep.html","3.11"
"ImpulseDE","/packages/3.10/bioc/html/ImpulseDE.html","3.11"
"ImpulseDE2","/packages/3.10/bioc/html/ImpulseDE2.html","3.11"
"joda","/packages/3.10/bioc/html/joda.html","3.11"
"JunctionSeq","/packages/3.10/bioc/html/JunctionSeq.html","3.11"
"LINC","/packages/3.10/bioc/html/LINC.html","3.11"
"Logolas","/packages/3.10/bioc/html/Logolas.html","3.11"
"mcaGUI","/packages/3.12/bioc/html/mcaGUI.html","3.11"
"metaArray","/packages/3.11/bioc/html/metaArray.html","3.11"
"metaseqR","/packages/3.12/bioc/html/metaseqR.html","3.11"
"methVisual","/packages/3.10/bioc/html/methVisual.html","3.11"
"methyvim","/packages/3.12/bioc/html/methyvim.html","3.11"
"Mirsynergy","/packages/3.10/bioc/html/Mirsynergy.html","3.11"
"MmPalateMiRNA","/packages/3.10/bioc/html/MmPalateMiRNA.html","3.11"
"MOFA","/packages/3.12/bioc/html/MOFA.html","3.11"
"MotIV","/packages/3.10/bioc/html/MotIV.html","3.11"
"NarrowPeaks","/packages/3.10/bioc/html/NarrowPeaks.html","3.11"
"netbenchmark","/packages/3.10/bioc/html/netbenchmark.html","3.11"
"netReg","/packages/3.10/bioc/html/netReg.html","3.11"
"OGSA","/packages/3.10/bioc/html/OGSA.html","3.11"
"OmicsMarkeR","/packages/3.10/bioc/html/OmicsMarkeR.html","3.11"
"pathprint","/packages/3.10/bioc/html/pathprint.html","3.11"
"PathwaySplice","/packages/3.10/bioc/html/PathwaySplice.html","3.11"
"PGA","/packages/3.11/bioc/html/PGA.html","3.11"
"PGSEA","/packages/3.10/bioc/html/PGSEA.html","3.11"
"plrs","/packages/3.10/bioc/html/plrs.html","3.11"
"prada","/packages/3.10/bioc/html/prada.html","3.11"
"Prize","/packages/3.10/bioc/html/Prize.html","3.11"
"Rariant","/packages/3.12/bioc/html/Rariant.html","3.11"
"reb","/packages/3.10/bioc/html/reb.html","3.11"
"Roleswitch","/packages/3.10/bioc/html/Roleswitch.html","3.11"
"rTANDEM","/packages/3.10/bioc/html/rTANDEM.html","3.11"
"sapFinder","/packages/3.11/bioc/html/sapFinder.html","3.11"
"scsR","/packages/3.10/bioc/html/scsR.html","3.11"
"shinyTANDEM","/packages/3.11/bioc/html/shinyTANDEM.html","3.11"
"sigaR","/packages/3.10/bioc/html/sigaR.html","3.11"
"signet","/packages/3.10/bioc/html/signet.html","3.11"
"simpleaffy","/packages/3.11/bioc/html/simpleaffy.html","3.11"
"spotSegmentation","/packages/3.10/bioc/html/spotSegmentation.html","3.11"
"Starr","/packages/3.10/bioc/html/Starr.html","3.11"
"SVAPLSseq","/packages/3.10/bioc/html/SVAPLSseq.html","3.11"
"TxRegInfra","/packages/3.12/bioc/html/TxRegInfra.html","3.11"
"xps","/packages/3.10/bioc/html/xps.html","3.11"
"flowFitExampleData","/packages/3.12/data/experiment/html/flowFitExampleData.html","3.11"
"FunciSNP.data","/packages/3.11/data/experiment/html/FunciSNP.data.html","3.11"
"geuvPack","/packages/3.12/data/experiment/html/geuvPack.html","3.11"
"geuvStore2","/packages/3.12/data/experiment/html/geuvStore2.html","3.11"
"GGdata","/packages/3.12/data/experiment/html/GGdata.html","3.11"
"mitoODEdata","/packages/3.12/data/experiment/html/mitoODEdata.html","3.11"
"Mulder2012","/packages/3.10/data/experiment/html/Mulder2012.html","3.11"
"methyvimData","/packages/3.12/data/experiment/html/methyvimData.html","3.11"
"pathprintGEOData","/packages/3.12/data/experiment/html/pathprintGEOData.html","3.11"
"pcaGoPromoter.Hs.hg19","/packages/3.12/data/experiment/html/pcaGoPromoter.Hs.hg19.html","3.11"
"pcaGoPromoter.Mm.mm9","/packages/3.12/data/experiment/html/pcaGoPromoter.Mm.mm9.html","3.11"
"pcaGoPromoter.Rn.rn4","/packages/3.12/data/experiment/html/pcaGoPromoter.Rn.rn4.html","3.11"
"waveTilingData","/packages/3.12/data/experiment/html/waveTilingData.html","3.11"
"yriMulti","/packages/3.12/data/experiment/html/yriMulti.html","3.11"
"QUALIFIER","/packages/3.10/bioc/html/QUALIFIER.html","3.11"
"motifRG","/packages/3.10/bioc/html/motifRG.html","3.11"
"triform","/packages/3.10/bioc/html/triform.html","3.11"
"CVE","/packages/3.10/bioc/html/CVE.html","3.11"
"proteoQC","/packages/3.10/bioc/html/proteoQC.html","3.11"
"affypdnn","/packages/3.10/bioc/html/affypdnn.html","3.11"
"splicegear","/packages/3.10/bioc/html/splicegear.html","3.11"
"Genominator","/packages/3.10/bioc/html/Genominator.html","3.11"
"IdMappingAnalysis","/packages/3.10/bioc/html/IdMappingAnalysis.html","3.11"
"IdMappingRetrieval","/packages/3.10/bioc/html/IdMappingRetrieval.html","3.11"
"manta","/packages/3.10/bioc/html/manta.html","3.11"
"RefNet","/packages/3.10/bioc/html/RefNet.html","3.11"
"AnalysisPageServer","/packages/3.10/bioc/html/AnalysisPageServer.html","3.11"
"scfind","/packages/3.10/bioc/html/scfind.html","3.11"
"kimod","/packages/3.10/bioc/html/kimod.html","3.11"
"plw","/packages/3.10/bioc/html/plw.html","3.11"
"cobindR","/packages/3.10/bioc/html/cobindR.html","3.11"
"LMGene","/packages/3.10/bioc/html/LMGene.html","3.11"
"sRAP","/packages/3.10/bioc/html/sRAP.html","3.11"
"gCMAP","/packages/3.11/bioc/html/gCMAP.html","3.11"
"gCMAPWeb","/packages/3.10/bioc/html/gCMAPWeb.html","3.11"
"DChIPRep","/packages/3.11/bioc/html/DChIPRep.html","3.11"
"CTDquerier","/packages/3.10/bioc/html/CTDquerier.html","3.11"
"MTseeker","/packages/3.10/bioc/html/MTseeker.html","3.11"
"readat","/packages/3.10/bioc/html/readat.html","3.11"
"anamiR","/packages/3.10/bioc/html/anamiR.html","3.11"
"CALIB","/packages/3.10/bioc/html/CALIB.html","3.11"
"cellGrowth","/packages/3.10/bioc/html/cellGrowth.html","3.11"
"chroGPS","/packages/3.10/bioc/html/chroGPS.html","3.11"
"DEDS","/packages/3.10/bioc/html/DEDS.html","3.11"
"LVSmiRNA","/packages/3.10/bioc/html/LVSmiRNA.html","3.11"
"MCRestimate","/packages/3.10/bioc/html/MCRestimate.html","3.11"
"nem","/packages/3.10/bioc/html/nem.html","3.11"
"PAPi","/packages/3.10/bioc/html/PAPi.html","3.11"
"pcaGoPromoter","/packages/3.10/bioc/html/pcaGoPromoter.html","3.11"
"pint","/packages/3.10/bioc/html/pint.html","3.11"
"RIPSeeker","/packages/3.10/bioc/html/RIPSeeker.html","3.11"
"SANTA","/packages/3.10/bioc/html/SANTA.html","3.11"
"waveTiling","/packages/3.10/bioc/html/waveTiling.html","3.11"
"BayesPeak","/packages/3.10/bioc/html/BayesPeak.html","3.11"
"bgafun","/packages/3.10/bioc/html/bgafun.html","3.11"
"lol","/packages/3.10/bioc/html/lol.html","3.11"
"M3D","/packages/3.11/bioc/html/M3D.html","3.11"
"MergeMaid","/packages/3.10/bioc/html/MergeMaid.html","3.11"
"IPPD","/packages/3.10/bioc/html/IPPD.html","3.11"
"biosvd","/packages/3.10/bioc/html/biosvd.html","3.11"
"birta","/packages/3.10/bioc/html/birta.html","3.11"
"DupChecker","/packages/3.10/bioc/html/DupChecker.html","3.11"
"FEM","/packages/3.10/bioc/html/FEM.html","3.11"
"geecc","/packages/3.10/bioc/html/geecc.html","3.11"
"MaxContrastProjection","/packages/3.10/bioc/html/MaxContrastProjection.html","3.11"
"mitoODE","/packages/3.11/bioc/html/mitoODE.html","3.11"
"MoPS","/packages/3.10/bioc/html/MoPS.html","3.11"
"PowerExplorer","/packages/3.10/bioc/html/PowerExplorer.html","3.11"
"Vega","/packages/3.10/bioc/html/Vega.html","3.11"
"MTseekerData","/packages/3.11/data/experiment/html/MTseekerData.html","3.11"
"RIPSeekerData","/packages/3.11/data/experiment/html/RIPSeekerData.html","3.11"
"hom.At.inp.db","/packages/3.11/data/annotation/html/hom.At.inp.db.html","3.11"
"hom.Ce.inp.db","/packages/3.11/data/annotation/html/hom.Ce.inp.db.html","3.11"
"hom.Dm.inp.db","/packages/3.11/data/annotation/html/hom.Dm.inp.db.html","3.11"
"hom.Dr.inp.db","/packages/3.11/data/annotation/html/hom.Dr.inp.db.html","3.11"
"hom.Hs.inp.db","/packages/3.11/data/annotation/html/hom.Hs.inp.db.html","3.11"
"hom.Mm.inp.db","/packages/3.11/data/annotation/html/hom.Mm.inp.db.html","3.11"
"hom.Rn.inp.db","/packages/3.11/data/annotation/html/hom.Rn.inp.db.html","3.11"
"hom.Sc.inp.db","/packages/3.11/data/annotation/html/hom.Sc.inp.db.html","3.11"
"KEGG.db","/packages/3.11/data/annotation/html/KEGG.db.html","3.11"
"MafDb.ESP6500SI.V2.SSA137.hs37d5","/packages/3.11/data/annotation/html/MafDb.ESP6500SI.V2.SSA137.hs37d5","3.11"
"MafDb.EXP6500SI.V2.SSA137.GRCh38","/packages/3.11/data/annotation/html/MafDb.ESP6500SI.V2.SSA137.GRCh38.html","3.11"
"adaptest","/packages/3.10/bioc/html/adaptest.html","3.10"
"ArrayTV","/packages/3.10/bioc/html/ArrayTV.html","3.10"
"BioSeqClass","/packages/3.10/bioc/html/BioSeqClass.html","3.10"
"CHARGE","/packages/3.10/bioc/html/CHARGE.html","3.10"
"CNVtools","/packages/3.10/bioc/html/CNVtools.html","3.10"
"CorMut","/packages/3.10/bioc/html/CorMut.html","3.10"
"DESeq","/packages/3.10/bioc/html/DESeq.html","3.10"
"chimera","/packages/3.10/bioc/html/chimera.html","3.10"
"explorase","/packages/3.11/bioc/html/explorase.html","3.10"
"flowFit","/packages/3.10/bioc/html/flowFit.html","3.10"
"flowSpy","/packages/3.12/bioc/html/flowSpy.html","3.10"
"flowType","/packages/3.10/bioc/html/flowType.html","3.10"
"focalCall","/packages/3.10/bioc/html/focalCall.html","3.10"
"FourCSeq","/packages/3.12/bioc/html/FourCSeq.html","3.10"
"FunciSNP","/packages/3.11/bioc/html/FunciSNP.html","3.10"
"GenRank","/packages/3.10/bioc/html/GenRank.html","3.10"
"GeneticsDesign","/packages/3.10/bioc/html/GeneticsDesign.html","3.10"
"GGBase","/packages/3.12/bioc/html/GGBase.html","3.10"
"GGtools","/packages/3.12/bioc/html/GGtools.html","3.10"
"GOFunction","/packages/3.10/bioc/html/GOFunction.html","3.10"
"gQTLBase","/packages/3.12/bioc/html/gQTLBase.html","3.10"
"gQTLstats","/packages/3.12/bioc/html/gQTLstats.html","3.10"
"hicrep","/packages/3.10/bioc/html/hicrep.html","3.10"
"ImpulseDE","/packages/3.10/bioc/html/ImpulseDE.html","3.10"
"ImpulseDE2","/packages/3.10/bioc/html/ImpulseDE2.html","3.10"
"joda","/packages/3.10/bioc/html/joda.html","3.10"
"JunctionSeq","/packages/3.10/bioc/html/JunctionSeq.html","3.10"
"LINC","/packages/3.10/bioc/html/LINC.html","3.10"
"Logolas","/packages/3.10/bioc/html/Logolas.html","3.10"
"mcaGUI","/packages/3.12/bioc/html/mcaGUI.html","3.10"
"metaArray","/packages/3.11/bioc/html/metaArray.html","3.10"
"metaseqR","/packages/3.12/bioc/html/metaseqR.html","3.10"
"methVisual","/packages/3.10/bioc/html/methVisual.html","3.10"
"methyvim","/packages/3.12/bioc/html/methyvim.html","3.10"
"Mirsynergy","/packages/3.10/bioc/html/Mirsynergy.html","3.10"
"MmPalateMiRNA","/packages/3.10/bioc/html/MmPalateMiRNA.html","3.10"
"MOFA","/packages/3.12/bioc/html/MOFA.html","3.10"
"MotIV","/packages/3.10/bioc/html/MotIV.html","3.10"
"NarrowPeaks","/packages/3.10/bioc/html/NarrowPeaks.html","3.10"
"netbenchmark","/packages/3.10/bioc/html/netbenchmark.html","3.10"
"netReg","/packages/3.10/bioc/html/netReg.html","3.10"
"OGSA","/packages/3.10/bioc/html/OGSA.html","3.10"
"OmicsMarkeR","/packages/3.10/bioc/html/OmicsMarkeR.html","3.10"
"pathprint","/packages/3.10/bioc/html/pathprint.html","3.10"
"PathwaySplice","/packages/3.10/bioc/html/PathwaySplice.html","3.10"
"PGA","/packages/3.11/bioc/html/PGA.html","3.10"
"PGSEA","/packages/3.10/bioc/html/PGSEA.html","3.10"
"plrs","/packages/3.10/bioc/html/plrs.html","3.10"
"prada","/packages/3.10/bioc/html/prada.html","3.10"
"Prize","/packages/3.10/bioc/html/Prize.html","3.10"
"Rariant","/packages/3.12/bioc/html/Rariant.html","3.10"
"reb","/packages/3.10/bioc/html/reb.html","3.10"
"Roleswitch","/packages/3.10/bioc/html/Roleswitch.html","3.10"
"rTANDEM","/packages/3.10/bioc/html/rTANDEM.html","3.10"
"sapFinder","/packages/3.11/bioc/html/sapFinder.html","3.10"
"scsR","/packages/3.10/bioc/html/scsR.html","3.10"
"shinyTANDEM","/packages/3.11/bioc/html/shinyTANDEM.html","3.10"
"sigaR","/packages/3.10/bioc/html/sigaR.html","3.10"
"signet","/packages/3.10/bioc/html/signet.html","3.10"
"simpleaffy","/packages/3.11/bioc/html/simpleaffy.html","3.10"
"spotSegmentation","/packages/3.10/bioc/html/spotSegmentation.html","3.10"
"Starr","/packages/3.10/bioc/html/Starr.html","3.10"
"SVAPLSseq","/packages/3.10/bioc/html/SVAPLSseq.html","3.10"
"TxRegInfra","/packages/3.12/bioc/html/TxRegInfra.html","3.10"
"xps","/packages/3.10/bioc/html/xps.html","3.10"
"flowFitExampleData","/packages/3.12/data/experiment/html/flowFitExampleData.html","3.10"
"FunciSNP.data","/packages/3.11/data/experiment/html/FunciSNP.data.html","3.10"
"geuvPack","/packages/3.12/data/experiment/html/geuvPack.html","3.10"
"geuvStore2","/packages/3.12/data/experiment/html/geuvStore2.html","3.10"
"GGdata","/packages/3.12/data/experiment/html/GGdata.html","3.10"
"mitoODEdata","/packages/3.12/data/experiment/html/mitoODEdata.html","3.10"
"Mulder2012","/packages/3.10/data/experiment/html/Mulder2012.html","3.10"
"methyvimData","/packages/3.12/data/experiment/html/methyvimData.html","3.10"
"pathprintGEOData","/packages/3.12/data/experiment/html/pathprintGEOData.html","3.10"
"pcaGoPromoter.Hs.hg19","/packages/3.12/data/experiment/html/pcaGoPromoter.Hs.hg19.html","3.10"
"pcaGoPromoter.Mm.mm9","/packages/3.12/data/experiment/html/pcaGoPromoter.Mm.mm9.html","3.10"
"pcaGoPromoter.Rn.rn4","/packages/3.12/data/experiment/html/pcaGoPromoter.Rn.rn4.html","3.10"
"waveTilingData","/packages/3.12/data/experiment/html/waveTilingData.html","3.10"
"yriMulti","/packages/3.12/data/experiment/html/yriMulti.html","3.10"
"QUALIFIER","/packages/3.10/bioc/html/QUALIFIER.html","3.10"
"motifRG","/packages/3.10/bioc/html/motifRG.html","3.10"
"triform","/packages/3.10/bioc/html/triform.html","3.10"
"CVE","/packages/3.10/bioc/html/CVE.html","3.10"
"proteoQC","/packages/3.10/bioc/html/proteoQC.html","3.10"
"affypdnn","/packages/3.10/bioc/html/affypdnn.html","3.10"
"splicegear","/packages/3.10/bioc/html/splicegear.html","3.10"
"Genominator","/packages/3.10/bioc/html/Genominator.html","3.10"
"IdMappingAnalysis","/packages/3.10/bioc/html/IdMappingAnalysis.html","3.10"
"IdMappingRetrieval","/packages/3.10/bioc/html/IdMappingRetrieval.html","3.10"
"manta","/packages/3.10/bioc/html/manta.html","3.10"
"RefNet","/packages/3.10/bioc/html/RefNet.html","3.10"
"AnalysisPageServer","/packages/3.10/bioc/html/AnalysisPageServer.html","3.10"
"scfind","/packages/3.10/bioc/html/scfind.html","3.10"
"kimod","/packages/3.10/bioc/html/kimod.html","3.10"
"plw","/packages/3.10/bioc/html/plw.html","3.10"
"cobindR","/packages/3.10/bioc/html/cobindR.html","3.10"
"LMGene","/packages/3.10/bioc/html/LMGene.html","3.10"
"sRAP","/packages/3.10/bioc/html/sRAP.html","3.10"
"gCMAP","/packages/3.11/bioc/html/gCMAP.html","3.10"
"gCMAPWeb","/packages/3.10/bioc/html/gCMAPWeb.html","3.10"
"DChIPRep","/packages/3.11/bioc/html/DChIPRep.html","3.10"
"CTDquerier","/packages/3.10/bioc/html/CTDquerier.html","3.10"
"MTseeker","/packages/3.10/bioc/html/MTseeker.html","3.10"
"readat","/packages/3.10/bioc/html/readat.html","3.10"
"anamiR","/packages/3.10/bioc/html/anamiR.html","3.10"
"CALIB","/packages/3.10/bioc/html/CALIB.html","3.10"
"cellGrowth","/packages/3.10/bioc/html/cellGrowth.html","3.10"
"chroGPS","/packages/3.10/bioc/html/chroGPS.html","3.10"
"DEDS","/packages/3.10/bioc/html/DEDS.html","3.10"
"LVSmiRNA","/packages/3.10/bioc/html/LVSmiRNA.html","3.10"
"MCRestimate","/packages/3.10/bioc/html/MCRestimate.html","3.10"
"nem","/packages/3.10/bioc/html/nem.html","3.10"
"PAPi","/packages/3.10/bioc/html/PAPi.html","3.10"
"pcaGoPromoter","/packages/3.10/bioc/html/pcaGoPromoter.html","3.10"
"pint","/packages/3.10/bioc/html/pint.html","3.10"
"RIPSeeker","/packages/3.10/bioc/html/RIPSeeker.html","3.10"
"SANTA","/packages/3.10/bioc/html/SANTA.html","3.10"
"waveTiling","/packages/3.10/bioc/html/waveTiling.html","3.10"
"BayesPeak","/packages/3.10/bioc/html/BayesPeak.html","3.10"
"bgafun","/packages/3.10/bioc/html/bgafun.html","3.10"
"lol","/packages/3.10/bioc/html/lol.html","3.10"
"M3D","/packages/3.11/bioc/html/M3D.html","3.10"
"MergeMaid","/packages/3.10/bioc/html/MergeMaid.html","3.10"
"IPPD","/packages/3.10/bioc/html/IPPD.html","3.10"
"biosvd","/packages/3.10/bioc/html/biosvd.html","3.10"
"birta","/packages/3.10/bioc/html/birta.html","3.10"
"DupChecker","/packages/3.10/bioc/html/DupChecker.html","3.10"
"FEM","/packages/3.10/bioc/html/FEM.html","3.10"
"geecc","/packages/3.10/bioc/html/geecc.html","3.10"
"MaxContrastProjection","/packages/3.10/bioc/html/MaxContrastProjection.html","3.10"
"mitoODE","/packages/3.11/bioc/html/mitoODE.html","3.10"
"MoPS","/packages/3.10/bioc/html/MoPS.html","3.10"
"PowerExplorer","/packages/3.10/bioc/html/PowerExplorer.html","3.10"
"Vega","/packages/3.10/bioc/html/Vega.html","3.10"
"SNPchip","/packages/3.10/bioc/html/SNPchip.html","3.10"
"GenomeGraphs","/packages/3.10/bioc/html/GenomeGraphs.html","3.10"
"HTSanalyzeR","/packages/3.10/bioc/html/HTSanalyzeR.html","3.10"
"Rchemcpp","/packages/3.9/bioc/html/Rchemcpp.html","3.10"
"charm","/packages/3.9/bioc/html/charm.html","3.10"
"Pbase","/packages/3.10/bioc/html/Pbase.html","3.10"
"dSimer","/packages/3.8/bioc/html/dSimer.html","3.10"
"flipflop","/packages/3.8/bioc/html/flipflop.html","3.10"
"exomePeak","/packages/3.9/bioc/html/exomePeak.html","3.10"
"CNPBayes","/packages/3.9/bioc/html/CNPBayes.html","3.10"
"brainImageR","/packages/3.9/bioc/html/brainImageR.html","3.10"
"plateCore","/packages/3.9/bioc/html/plateCore.html","3.10"
"rHVDM","/packages/3.9/bioc/html/rHVDM.html","3.10"
"SEPA","/packages/3.9/bioc/html/SEPA.html","3.10"
"condcomp","/packages/3.9/bioc/html/condcomp.html","3.10"
"birte","/packages/3.8/bioc/html/birte.html","3.10"
"mlm4omics","/packages/3.10/bioc/html/mlm4omics.html","3.10"
"RnaSeqSampleSize","/packages/3.10/bioc/html/RnaSeqSampleSize.html","3.10"
"CAMTHC","/packages/3.10/bioc/html/CAMTHC.html","3.10"
"charmData","/packages/3.10/data/experiment/html/charmData.html","3.10"
"facopy.annot","/packages/3.10/data/experiment/html/facopy.annot.html","3.10"
"allenpvc","/packages/3.10/data/experiment/html/allenpvc.html","3.10"
"MafDb.gnomADex.r2.0.1.GRCh38","/packages/3.10/data/annotation/html/MafDb.gnomADex.r2.0.1.GRCh38.html","3.10"
"MafDb.gnomAD.r2.0.1.GRCh38","/packages/3.10/data/annotation/html/MafDb.gnomAD.r2.0.1.GRCh38.html","3.10"
"MafDb.gnomADex.r2.0.1.hs37d5","/packages/3.10/data/annotation/html/MafDb.gnomADex.r2.0.1.hs37d5.html","3.10"
"MafDb.gnomAD.r2.0.1.hs37d5","/packages/3.10/data/annotation/html/MafDb.gnomAD.r2.0.1.hs37d5.html","3.10"
"MafDb.ESP6500SI.V2.SSA137.hs37d5","/packages/3.10/data/annotation/html/MafDb.ESP6500SI.V2.SSA137.hs37d5.html","3.10"
"MafDb.EXP6500SI.V2.SSA137.GRCh38","/packages/3.10/data/annotation/html/MafDb.EXP6500SI.V2.SSA137.GRCh38.html","3.10"
"SNPchip","/packages/3.10/bioc/html/SNPchip.html","3.9"
"GenomeGraphs","/packages/3.10/bioc/html/GenomeGraphs.html","3.9"
"HTSanalyzeR","/packages/3.10/bioc/html/HTSanalyzeR.html","3.9"
"Rchemcpp","/packages/3.9/bioc/html/Rchemcpp.html","3.9"
"charm","/packages/3.9/bioc/html/charm.html","3.9"
"Pbase","/packages/3.10/bioc/html/Pbase.html","3.9"
"dSimer","/packages/3.8/bioc/html/dSimer.html","3.9"
"flipflop","/packages/3.8/bioc/html/flipflop.html","3.9"
"exomePeak","/packages/3.9/bioc/html/exomePeak.html","3.9"
"CNPBayes","/packages/3.9/bioc/html/CNPBayes.html","3.9"
"brainImageR","/packages/3.9/bioc/html/brainImageR.html","3.9"
"plateCore","/packages/3.9/bioc/html/plateCore.html","3.9"
"rHVDM","/packages/3.9/bioc/html/rHVDM.html","3.9"
"SEPA","/packages/3.9/bioc/html/SEPA.html","3.9"
"condcomp","/packages/3.9/bioc/html/condcomp.html","3.9"
"birte","/packages/3.8/bioc/html/birte.html","3.9"
"mlm4omics","/packages/3.10/bioc/html/mlm4omics.html","3.9"
"RnaSeqSampleSize","/packages/3.10/bioc/html/RnaSeqSampleSize.html","3.9"
"CAMTHC","/packages/3.10/bioc/html/CAMTHC.html","3.9"
"flowQ","/packages/3.7/bioc/html/flowQ.html","3.9"
"flowQB","/packages/3.8/bioc/html/flowQB.html","3.9"
"ProCoNA","/packages/3.7/bioc/html/ProCoNA.html","3.9"
"htSeqTools","/packages/3.8/bioc/html/htSeqTools.html","3.9"
"rMAT","/packages/3.8/bioc/html/rMAT.html","3.9"
"TSSi","/packages/3.8/bioc/html/TSSi.html","3.9"
"NGScopy","/packages/3.8/bioc/html/NGScopy.html","3.9"
"spliceSites","/packages/3.8/bioc/html/spliceSites.html","3.9"
"SVM2CRM","/packages/3.8/bioc/html/SVM2CRM.html","3.9"
"rSFFreader","/packages/3.8/bioc/html/rSFFreader.html","3.9"
"DOQTL","/packages/3.8/bioc/html/DOQTL.html","3.9"
"miRsponge","/packages/3.9/bioc/html/miRsponge.html","3.9"
"PGPC","/packages/3.7/data/experiment/html/PGPC.html","3.9"
"flowQBData","/packages/3.9/data/experiment/html/flowQBData.html","3.9"
"SNPchip","/packages/3.10/bioc/html/SNPchip.html","3.8"
"GenomeGraphs","/packages/3.10/bioc/html/GenomeGraphs.html","3.8"
"HTSanalyzeR","/packages/3.10/bioc/html/HTSanalyzeR.html","3.8"
"Rchemcpp","/packages/3.9/bioc/html/Rchemcpp.html","3.8"
"charm","/packages/3.9/bioc/html/charm.html","3.8"
"Pbase","/packages/3.10/bioc/html/Pbase.html","3.8"
"dSimer","/packages/3.8/bioc/html/dSimer.html","3.8"
"flipflop","/packages/3.8/bioc/html/flipflop.html","3.8"
"exomePeak","/packages/3.9/bioc/html/exomePeak.html","3.8"
"CNPBayes","/packages/3.9/bioc/html/CNPBayes.html","3.8"
"brainImageR","/packages/3.9/bioc/html/brainImageR.html","3.8"
"plateCore","/packages/3.9/bioc/html/plateCore.html","3.8"
"rHVDM","/packages/3.9/bioc/html/rHVDM.html","3.8"
"SEPA","/packages/3.9/bioc/html/SEPA.html","3.8"
"condcomp","/packages/3.9/bioc/html/condcomp.html","3.8"
"birte","/packages/3.8/bioc/html/birte.html","3.8"
"mlm4omics","/packages/3.10/bioc/html/mlm4omics.html","3.8"
"RnaSeqSampleSize","/packages/3.10/bioc/html/RnaSeqSampleSize.html","3.8"
"CAMTHC","/packages/3.10/bioc/html/CAMTHC.html","3.8"
"flowQ","/packages/3.7/bioc/html/flowQ.html","3.8"
"flowQB","/packages/3.8/bioc/html/flowQB.html","3.8"
"ProCoNA","/packages/3.7/bioc/html/ProCoNA.html","3.8"
"htSeqTools","/packages/3.8/bioc/html/htSeqTools.html","3.8"
"rMAT","/packages/3.8/bioc/html/rMAT.html","3.8"
"TSSi","/packages/3.8/bioc/html/TSSi.html","3.8"
"NGScopy","/packages/3.8/bioc/html/NGScopy.html","3.8"
"spliceSites","/packages/3.8/bioc/html/spliceSites.html","3.8"
"SVM2CRM","/packages/3.8/bioc/html/SVM2CRM.html","3.8"
"rSFFreader","/packages/3.8/bioc/html/rSFFreader.html","3.8"
"DOQTL","/packages/3.8/bioc/html/DOQTL.html","3.8"
"miRsponge","/packages/3.9/bioc/html/miRsponge.html","3.8"
"flowQ","/packages/3.7/bioc/html/flowQ.html","3.7"
"flowQB","/packages/3.8/bioc/html/flowQB.html","3.7"
"ProCoNA","/packages/3.7/bioc/html/ProCoNA.html","3.7"
"htSeqTools","/packages/3.8/bioc/html/htSeqTools.html","3.7"
"rMAT","/packages/3.8/bioc/html/rMAT.html","3.7"
"TSSi","/packages/3.8/bioc/html/TSSi.html","3.7"
"NGScopy","/packages/3.8/bioc/html/NGScopy.html","3.7"
"spliceSites","/packages/3.8/bioc/html/spliceSites.html","3.7"
"SVM2CRM","/packages/3.8/bioc/html/SVM2CRM.html","3.7"
"rSFFreader","/packages/3.8/bioc/html/rSFFreader.html","3.7"
"DOQTL","/packages/3.8/bioc/html/DOQTL.html","3.7"
"miRsponge","/packages/3.9/bioc/html/miRsponge.html","3.7"
"PGPC","/packages/3.7/data/experiment/html/PGPC.html","3.7"
"flowQBData","/packages/3.9/data/experiment/html/flowQBData.html","3.7"
"ampliQueso","/packages/3.6/bioc/html/ampliQueso.html","3.7"
"BiocInstaller","/packages/3.7/bioc/html/BiocInstaller.html","3.7"
"cytofkit","/packages/3.6/bioc/html/cytofkit.html","3.7"
"facopy","/packages/3.6/bioc/html/facopy.html","3.7"
"gaucho","/packages/3.6/bioc/html/gaucho.html","3.7"
"GeneSelector","/packages/3.6/bioc/html/GeneSelector.html","3.7"
"GoogleGenomics","/packages/3.7/bioc/html/GoogleGenomics.html","3.7"
"IrisSpatialFeatures","/packages/3.7/bioc/html/IrisSpatialFeatures.html","3.7"
"mQTL.NMR","/packages/3.6/bioc/html/mQTL.NMR.html","3.7"
"nudge","/packages/3.6/bioc/html/nudge.html","3.7"
"pbcmc","/packages/3.6/bioc/html/pbcmc.html","3.7"
"prot2D","/packages/3.6/bioc/html/prot2D.html","3.7"
"RamiGO","/packages/3.5/bioc/html/RamiGO.html","3.7"
"iontreeData","/packages/3.7/data/experiment/html/iontreeData.html","3.7"
"MSBdata","/packages/3.7/data/experiment/html/MSBdata.html","3.7"
"BrowserVizDemo","/packages/3.4/bioc/html/BrowserVizDemo.html","3.7"
"DASC","/packages/3.6/bioc/html/DASC.html","3.7"
"mvGST","/packages/3.6/bioc/html/mvGST.html","3.7"
"ontoCAT","/packages/3.4/bioc/html/ontoCAT.html","3.7"
"OperaMate","/packages/3.4/bioc/html/OperaMate.html","3.7"
"PAnnBuilder","/packages/3.4/bioc/html/PAnnBuilder.html","3.7"
"phenoDist","/packages/3.4/bioc/html/phenoDist.html","3.7"
"spliceR","/packages/3.7/bioc/html/spliceR.html","3.7"
"cheung2010","/packages/3.7/data/experiment/html/cheung2010.html","3.7"
"MEALData","/packages/3.7/data/experiment/html/MEALData.html","3.7"
"RnaSeqTutorial","/packages/3.4/data/experiment/html/RnaSeqTutorial.html","3.7"
"ampliQueso","/packages/3.6/bioc/html/ampliQueso.html","3.6"
"BiocInstaller","/packages/3.7/bioc/html/BiocInstaller.html","3.6"
"cytofkit","/packages/3.6/bioc/html/cytofkit.html","3.6"
"facopy","/packages/3.6/bioc/html/facopy.html","3.6"
"gaucho","/packages/3.6/bioc/html/gaucho.html","3.6"
"GeneSelector","/packages/3.6/bioc/html/GeneSelector.html","3.6"
"GoogleGenomics","/packages/3.7/bioc/html/GoogleGenomics.html","3.6"
"IrisSpatialFeatures","/packages/3.7/bioc/html/IrisSpatialFeatures.html","3.6"
"mQTL.NMR","/packages/3.6/bioc/html/mQTL.NMR.html","3.6"
"nudge","/packages/3.6/bioc/html/nudge.html","3.6"
"pbcmc","/packages/3.6/bioc/html/pbcmc.html","3.6"
"prot2D","/packages/3.6/bioc/html/prot2D.html","3.6"
"RamiGO","/packages/3.5/bioc/html/RamiGO.html","3.6"
"BrowserVizDemo","/packages/3.4/bioc/html/BrowserVizDemo.html","3.6"
"DASC","/packages/3.6/bioc/html/DASC.html","3.6"
"mvGST","/packages/3.6/bioc/html/mvGST.html","3.6"
"ontoCAT","/packages/3.4/bioc/html/ontoCAT.html","3.6"
"OperaMate","/packages/3.4/bioc/html/OperaMate.html","3.6"
"PAnnBuilder","/packages/3.4/bioc/html/PAnnBuilder.html","3.6"
"phenoDist","/packages/3.4/bioc/html/phenoDist.html","3.6"
"spliceR","/packages/3.7/bioc/html/spliceR.html","3.6"
"BioMedR","/packages/3.5/bioc/html/BioMedR.html","3.6"
"ddgraph","/packages/3.4/bioc/html/ddgraph.html","3.6"
"domainsignatures","/packages/3.6/bioc/html/domainsignatures.html","3.6"
"EWCE","/packages/3.4/bioc/html/EWCE.html","3.6"
"HCsnip","/packages/3.4/bioc/html/HCsnip.html","3.6"
"oneChannelGUI","/packages/3.4/bioc/html/oneChannelGUI.html","3.6"
"stepwiseCM","/packages/3.4/bioc/html/stepwiseCM.html","3.6"
"iontree","/packages/3.6/bioc/html/iontree.html","3.6"
"RCytoscape","/packages/3.4/bioc/html/RCytoscape.html","3.6"
"IlluminaHumanMethylation450k.db","/packages/3.6/data/annotation/html/IlluminaHumanMethylation450k.db.html","3.6"
"ampliQueso","/packages/3.6/bioc/html/ampliQueso.html","3.5"
"BiocInstaller","/packages/3.7/bioc/html/BiocInstaller.html","3.5"
"cytofkit","/packages/3.6/bioc/html/cytofkit.html","3.5"
"facopy","/packages/3.6/bioc/html/facopy.html","3.5"
"gaucho","/packages/3.6/bioc/html/gaucho.html","3.5"
"GeneSelector","/packages/3.6/bioc/html/GeneSelector.html","3.5"
"GoogleGenomics","/packages/3.7/bioc/html/GoogleGenomics.html","3.5"
"IrisSpatialFeatures","/packages/3.7/bioc/html/IrisSpatialFeatures.html","3.5"
"mQTL.NMR","/packages/3.6/bioc/html/mQTL.NMR.html","3.5"
"nudge","/packages/3.6/bioc/html/nudge.html","3.5"
"pbcmc","/packages/3.6/bioc/html/pbcmc.html","3.5"
"prot2D","/packages/3.6/bioc/html/prot2D.html","3.5"
"RamiGO","/packages/3.5/bioc/html/RamiGO.html","3.5"
"BioMedR","/packages/3.5/bioc/html/BioMedR.html","3.5"
"ddgraph","/packages/3.4/bioc/html/ddgraph.html","3.5"
"domainsignatures","/packages/3.6/bioc/html/domainsignatures.html","3.5"
"EWCE","/packages/3.4/bioc/html/EWCE.html","3.5"
"HCsnip","/packages/3.4/bioc/html/HCsnip.html","3.5"
"oneChannelGUI","/packages/3.4/bioc/html/oneChannelGUI.html","3.5"
"stepwiseCM","/packages/3.4/bioc/html/stepwiseCM.html","3.5"
"iontree","/packages/3.6/bioc/html/iontree.html","3.5"
"RCytoscape","/packages/3.4/bioc/html/RCytoscape.html","3.5"
"BrowserVizDemo","/packages/3.4/bioc/html/BrowserVizDemo.html","3.4"
"DASC","/packages/3.6/bioc/html/DASC.html","3.4"
"mvGST","/packages/3.6/bioc/html/mvGST.html","3.4"
"ontoCAT","/packages/3.4/bioc/html/ontoCAT.html","3.4"
"OperaMate","/packages/3.4/bioc/html/OperaMate.html","3.4"
"PAnnBuilder","/packages/3.4/bioc/html/PAnnBuilder.html","3.4"
"phenoDist","/packages/3.4/bioc/html/phenoDist.html","3.4"
"spliceR","/packages/3.7/bioc/html/spliceR.html","3.4"
"cheung2010","/packages/3.7/data/experiment/html/cheung2010.html","3.4"
"MEALData","/packages/3.7/data/experiment/html/MEALData.html","3.4"
"RnaSeqTutorial","/packages/3.4/data/experiment/html/RnaSeqTutorial.html","3.4"
"BioMedR","/packages/3.5/bioc/html/BioMedR.html","3.4"
"ddgraph","/packages/3.4/bioc/html/ddgraph.html","3.4"
"domainsignatures","/packages/3.6/bioc/html/domainsignatures.html","3.4"
"EWCE","/packages/3.4/bioc/html/EWCE.html","3.4"
"HCsnip","/packages/3.4/bioc/html/HCsnip.html","3.4"
"oneChannelGUI","/packages/3.4/bioc/html/oneChannelGUI.html","3.4"
"stepwiseCM","/packages/3.4/bioc/html/stepwiseCM.html","3.4"
"iontree","/packages/3.6/bioc/html/iontree.html","3.4"
"RCytoscape","/packages/3.4/bioc/html/RCytoscape.html","3.4"
"AtlasRDF","/packages/3.4/bioc/html/AtlasRDF.html","3.4"
"CopyNumber450k","/packages/3.4/bioc/html/CopyNumber450k.html","3.4"
"coRNAi","/packages/3.4/bioc/html/coRNAi.html","3.4"
"GENE.E","/packages/3.4/bioc/html/GENE.E.html","3.4"
"GEOsearch","/packages/3.4/bioc/html/GEOsearch.html","3.4"
"MeSHEim","/packages/3.4/bioc/html/MeSHSim.html","3.4"
"mmnet","/packages/3.4/bioc/html/mmnet.html","3.4"
"pdmclass","/packages/3.4/bioc/html/pdmclass.html","3.4"
"saps","/packages/3.4/bioc/html/saps.html","3.4"
"CopyNumber450kData","/packages/3.4/data/experiment/html/CopyNumber450kData.html","3.4"
"betr","/packages/3.4/bioc/html/betr.html","3.4"
"encoDnaseI","/packages/3.4/data/experiment/html/encoDnaseI.html","3.4"
"ggtut","/packages/3.2/data/experiment/html/ggtut.html","3.4"
"gahgu133a.db","/packages/3.4/data/annotation/html/gahgu133a.db.html","3.4"
"gahgu133acdf","/packages/3.4/data/annotation/html/gahgu133acdf.html","3.4"
"gahgu133aprobe","/packages/3.4/data/annotation/html/gahgu133aprobe.html","3.4"
"gahgu133b.db","/packages/3.4/data/annotation/html/gahgu133b.db.html","3.4"
"gahgu133bcdf","/packages/3.4/data/annotation/html/gahgu133bcdf.html","3.4"
"gahgu133bprobe","/packages/3.4/data/annotation/html/gahgu133bprobe.html","3.4"
"gahgu133plus2.db","/packages/3.4/data/annotation/html/gahgu133plus2.db.html","3.4"
"gahgu133plus2cdf","/packages/3.4/data/annotation/html/gahgu133plus2cdf.html","3.4"
"gahgu133plus2probe","/packages/3.4/data/annotation/html/gahgu133plus2probe.html","3.4"
"gahgu95av2.db","/packages/3.4/data/annotation/html/gahgu95av2.db.html","3.4"
"gahgu95av2cdf","/packages/3.4/data/annotation/html/gahgu95av2cdf.html","3.4"
"gahgu95av2probe","/packages/3.4/data/annotation/html/gahgu95av2probe.html","3.4"
"gahgu95b.db","/packages/3.4/data/annotation/html/gahgu95b.db.html","3.4"
"gahgu95bcdf","/packages/3.4/data/annotation/html/gahgu95bcdf.html","3.4"
"gahgu95bprobe","/packages/3.4/data/annotation/html/gahgu95bprobe.html","3.4"
"gahgu95c.db","/packages/3.4/data/annotation/html/gahgu95c.db.html","3.4"
"gahgu95ccdf","/packages/3.4/data/annotation/html/gahgu95ccdf.html","3.4"
"gahgu95cprobe","/packages/3.4/data/annotation/html/gahgu95cprobe.html","3.4"
"gahgu95d.db","/packages/3.4/data/annotation/html/gahgu95d.db.html","3.4"
"gahgu95dcdf","/packages/3.4/data/annotation/html/gahgu95dcdf.html","3.4"
"gahgu95dprobe","/packages/3.4/data/annotation/html/gahgu95dprobe.html","3.4"
"gahgu95e.db","/packages/3.4/data/annotation/html/gahgu95e.db.html","3.4"
"gahgu95ecdf","/packages/3.4/data/annotation/html/gahgu95ecdf.html","3.4"
"gahgu95eprobe","/packages/3.4/data/annotation/html/gahgu95eprobe.html","3.4"
"IlluminaHumanMethylation450k.db","/packages/3.4/data/annotation/html/IlluminaHumanMethylation450k.db.html","3.4"
"org.Sco.eg.db.html","/packages/3.4/data/annotation/html/org.Sco.eg.db.html","3.4"
"org.Tgondii.eg.db","/packages/3.4/data/annotation/html/org.Tgondii.eg.db.html","3.4"
"AffyTiling","/packages/3.1/bioc/html/AffyTiling.html","3.1"
"cellHTS","/packages/3.2/bioc/html/cellHTS.html","3.1"
"DASiR","/packages/3.1/bioc/html/DASiR.html","3.1"
"DAVIDQuery","/packages/3.0/bioc/html/DAVIDQuery.html","3.1"
"GenoView","/packages/3.0/bioc/html/GenoView.html","3.1"
"inSilicoDb","/packages/3.1/bioc/html/inSilicoDb.html","3.1"
"inSilicoMerging","/packages/3.1/bioc/html/inSilicoMerging.html","3.1"
"jmosaic","/packages/3.2/bioc/html/jmosaics.html","3.1"
"metaX","/packages/3.2/bioc/html/metaX.html","3.1"
"MMDiff","/packages/3.2/bioc/html/MMDiff.html","3.1"
"neaGUI","/packages/3.1/bioc/html/neaGUI.html","3.1"
"Rolexa","/packages/3.1/bioc/html/Rolexa.html","3.1"
"RWebServices","/packages/3.2/bioc/html/RWebServices.html","3.1"
"SJava","/packages/3.2/bioc/html/SJava.html","3.1"
"SomaticCA","/packages/3.2/bioc/html/SomatiCA.html","3.1"
"spade","/packages/3.0/bioc/html/spade.html","3.1"
"AffyTiling","/packages/3.1/bioc/html/AffyTiling.html","3.0"
"cellHTS","/packages/3.2/bioc/html/cellHTS.html","3.0"
"DASiR","/packages/3.1/bioc/html/DASiR.html","3.0"
"DAVIDQuery","/packages/3.0/bioc/html/DAVIDQuery.html","3.0"
"GenoView","/packages/3.0/bioc/html/GenoView.html","3.0"
"inSilicoDb","/packages/3.1/bioc/html/inSilicoDb.html","3.0"
"inSilicoMerging","/packages/3.1/bioc/html/inSilicoMerging.html","3.0"
"jmosaic","/packages/3.2/bioc/html/jmosaics.html","3.0"
"metaX","/packages/3.2/bioc/html/metaX.html","3.0"
"MMDiff","/packages/3.2/bioc/html/MMDiff.html","3.0"
"neaGUI","/packages/3.1/bioc/html/neaGUI.html","3.0"
"Rolexa","/packages/3.1/bioc/html/Rolexa.html","3.0"
"RWebServices","/packages/3.2/bioc/html/RWebServices.html","3.0"
"SJava","/packages/3.2/bioc/html/SJava.html","3.0"
"SomaticCA","/packages/3.2/bioc/html/SomatiCA.html","3.0"
"spade","/packages/3.0/bioc/html/spade.html","3.0"
"asmn","/packages/3.0/bioc/html/asmn.html","3.0"
"COPDSexualDimorphism","/packages/3.0/bioc/html/COPDSexualDimorphism.html","3.0"
"DNaseR","/packages/3.0/bioc/html/DNaseR.html","3.0"
"flowFlowJo","/packages/3.0/bioc/html/flowFlowJo.html","3.0"
"flowPhyto","/packages/3.0/bioc/html/flowPhyto.html","3.0"
"RMAPPER","/packages/2.14/bioc/html/RMAPPER.html","2.14"
"virtualArray","/packages/2.14/bioc/html/virtualArray.html","2.14"
"Agi4x44PreProcess","/packages/2.13/bioc/html/Agi4x44PreProcess.html","2.13"
"maDB","/packages/2.13/bioc/html/maDB.html","2.13"
"pgUtils","/packages/2.13/bioc/html/pgUtils.html","2.13"
"dualKS","/packages/2.12/bioc/html/dualKS.html","2.12"
"externalVector","/packages/2.12/bioc/html/externalVector.html","2.12"
"GeneGroupAnalysis","/packages/2.12/bioc/html/GeneGroupAnalysis.html","2.12"
"iFlow","/packages/2.12/bioc/html/iFlow.html","2.12"
"KEGGSOAP","/packages/2.12/bioc/html/KEGGSOAP.html","2.12"
"xmapcore","/packages/2.12/bioc/html/xmapcore.html","2.12"
"cosmo","/packages/2.10/bioc/html/cosmo.html","2.11"
"cosmoGUI","/packages/2.11/bioc/html/cosmoGUI.html","2.11"
"gene2pathway","/packages/2.11/bioc/html/gene2pathway.html","2.11"
"cosmo","/packages/2.10/bioc/html/cosmo.html","2.10"
"cosmoGUI","/packages/2.11/bioc/html/cosmoGUI.html","2.10"
"gene2pathway","/packages/2.11/bioc/html/gene2pathway.html","2.10"
"PatientGeneSets","/packages/2.10/bioc/html/PatientGeneSets.html","2.10"
"edd","/packages/2.9/bioc/html/edd.html","2.9"
"GeneRfold","/packages/2.9/bioc/html/GeneRfold.html","2.9"
"ontoTools","/packages/2.9/bioc/html/ontoTools.html","2.9"
"GeneR","/packages/2.9/bioc/html/GeneR.html","2.9"
"RMAGEML","/packages/2.9/bioc/html/RMAGEML.html","2.9"
"RTooks4TB","/packages/2.9/bioc/html/RTools4TB.html","2.9"
"GeneSpring","/packages/2.8/bioc/html/GeneSpring.html","2.8"
"GeneTraffic","/packages/2.8/bioc/html/GeneTraffic.html","2.8"
"makePlatformDesign","/packages/2.8/bioc/html/makePlatformDesign.html","2.8"
"Rdbi","/packages/2.8/bioc/html/Rdbi.html","2.8"
"RdbiPgSQL","/packages/2.8/bioc/html/RdbiPgSQL.html","2.8"
"rflowcyt","/packages/2.8/bioc/html/rflowcyt.html","2.8"
"Rredland","/packages/2.8/bioc/html/Rredland.html","2.8"
"Ruuid","/packages/2.8/bioc/html/Ruuid.html","2.8"
"simulatorAPMS","/packages/2.8/bioc/html/simulatorAPMS.html","2.8"
"snpMatrix","/packages/2.8/bioc/html/snpMatrix.html","2.8"
"exonmap","/packages/2.7/bioc/html/exonmap.html","2.7"
"biocDatasets","/packages/2.7/bioc/html/biocDatasets.html","2.7"
"matchprobes","/packages/2.6/bioc/html/matchprobes.html","2.6"
"GeneticsBase","/packages/2.6/bioc/html/GeneticsBase.html","2.6"
"fbat","/packages/2.6/bioc/html/fbat.html","2.6"
"keggorth","/packages/2.5/bioc/html/keggorth.html","2.5"
"keggorthology","/packages/keggorthology/","2.5"
"stam","/packages/2.4/bioc/html/stam.html","2.4"
"Rintact","/packages/2.4/bioc/html/Rintact.html","2.4"
"AnnBuilder","/packages/2.3/bioc/html/AnnBuilder.html","2.3"
"RSNPer","/packages/2.3/bioc/html/RSNPper.html","2.3"
"SemSim","/packages/2.2/bioc/html/SemSim.html","2.2"
"WidgetInvoke","/packages/2.2/bioc/html/widgetInvoke.html","2.2"
"SAGElyzer","/packages/2.1/bioc/html/SAGElyzer.html","2.1"
"GeneTS","/packages/2.1/bioc/html/GeneTS.html","2.1"
"arrayMagic","/packages/2.1/bioc/html/arrayMagic.html","2.1"
"chromoViz","/packages/2.1/bioc/html/ChromoViz.html","2.1"
"iSPlot","/packages/2.1/bioc/html/iSPlot.html","2.1"
"iSNetword","/packages/2.1/bioc/html/iSNetwork.html","2.1"
"bim","/packages/1.9/bioc/html/bim.html","2.0"
"arrayQCplot","/packages/2.0/bioc/html/arrayQCplot.html","2.0"
"bim","/packages/1.9/bioc/html/bim.html","1.9"
"arrayQCplot","/packages/2.0/bioc/html/arrayQCplot.html","1.9"
"gff3Plotter","/packages/1.9/bioc/html/gff3Plotter.html","1.9"
"mmgmos","/packages/1.9/bioc/html/mmgmos.html","1.9"
"applera","/packages/1.9/bioc/html/applera.html","1.9"
